Rating,Atletico,7.41,Girona,6.43
TotalShots,Atletico,17,Girona,12
Possession,Atletico,48.7,Girona,51.3
PassSuccess,Atletico,82,Girona,85
DribblesWon,Atletico,14,Girona,12
AerialsWon,Atletico,30,Girona,14
TackleSuccessful,Atletico,19,Girona,12
CornersTotal,Atletico,4,Girona,3
Dispossessed,Atletico,7,Girona,15
ShotsOnPost,Atletico,1,Girona,0
ShotsOnTarget,Atletico,7,Girona,4
ShotsOffTarget,Atletico,7,Girona,6
ShotsBlocked,Atletico,3,Girona,2
Touches,Atletico,701,Girona,721
PassesTotal,Atletico,502,Girona,524
PassesAccurate,Atletico,414,Girona,445
KeyPasses,Atletico,15,Girona,12
DribblesAttempted,Atletico,19,Girona,16
DribblesPast,Atletico,12,Girona,14
DribbleSuccess,Atletico,74,Girona,75
OffensiveAerials,Atletico,29,Girona,15
DefensiveAerials,Atletico,15,Girona,29
AerialsWon,Atletico,68,Girona,32
TacklesAttempted,Atletico,31,Girona,26
TacklesUnsuccessful,Atletico,12,Girona,14
TackleSuccess,Atletico,61,Girona,46
Clearances,Atletico,19,Girona,18
Interceptions,Atletico,14,Girona,8
Errors,Atletico,0,Girona,1
Fouls,Atletico,10,Girona,9
Offsides,Atletico,2,Girona,0
Rating,Espanyol,6.57,Getafe,6.51
TotalShots,Espanyol,9,Getafe,13
Possession,Espanyol,50.8,Getafe,49.2
PassSuccess,Espanyol,69,Getafe,66
DribblesWon,Espanyol,6,Getafe,7
AerialsWon,Espanyol,28,Getafe,26
TackleSuccessful,Espanyol,9,Getafe,11
CornersTotal,Espanyol,5,Getafe,4
Dispossessed,Espanyol,8,Getafe,3
ShotsOnPost,Espanyol,0,Getafe,0
ShotsOnTarget,Espanyol,3,Getafe,3
ShotsOffTarget,Espanyol,4,Getafe,4
ShotsBlocked,Espanyol,2,Getafe,6
Touches,Espanyol,565,Getafe,553
PassesTotal,Espanyol,377,Getafe,356
PassesAccurate,Espanyol,261,Getafe,236
KeyPasses,Espanyol,7,Getafe,11
DribblesAttempted,Espanyol,9,Getafe,13
DribblesPast,Espanyol,7,Getafe,6
DribbleSuccess,Espanyol,67,Getafe,54
OffensiveAerials,Espanyol,26,Getafe,28
DefensiveAerials,Espanyol,28,Getafe,26
AerialsWon,Espanyol,52,Getafe,48
TacklesAttempted,Espanyol,16,Getafe,17
TacklesUnsuccessful,Espanyol,7,Getafe,6
TackleSuccess,Espanyol,56,Getafe,65
Clearances,Espanyol,28,Getafe,18
Interceptions,Espanyol,6,Getafe,10
Errors,Espanyol,0,Getafe,1
Fouls,Espanyol,14,Getafe,14
Offsides,Espanyol,3,Getafe,1
Rating,Villarreal,6.66,Barcelona,6.68
TotalShots,Villarreal,16,Barcelona,15
Possession,Villarreal,32.2,Barcelona,67.8
PassSuccess,Villarreal,80,Barcelona,90
DribblesWon,Villarreal,5,Barcelona,6
AerialsWon,Villarreal,10,Barcelona,5
TackleSuccessful,Villarreal,16,Barcelona,12
CornersTotal,Villarreal,5,Barcelona,3
Dispossessed,Villarreal,5,Barcelona,12
ShotsOnPost,Villarreal,0,Barcelona,1
ShotsOnTarget,Villarreal,9,Barcelona,9
ShotsOffTarget,Villarreal,5,Barcelona,4
ShotsBlocked,Villarreal,2,Barcelona,2
Touches,Villarreal,469,Barcelona,830
PassesTotal,Villarreal,316,Barcelona,684
PassesAccurate,Villarreal,253,Barcelona,614
KeyPasses,Villarreal,11,Barcelona,11
DribblesAttempted,Villarreal,12,Barcelona,10
DribblesPast,Villarreal,6,Barcelona,5
DribbleSuccess,Villarreal,42,Barcelona,60
OffensiveAerials,Villarreal,10,Barcelona,5
DefensiveAerials,Villarreal,5,Barcelona,10
AerialsWon,Villarreal,67,Barcelona,33
TacklesAttempted,Villarreal,22,Barcelona,17
TacklesUnsuccessful,Villarreal,6,Barcelona,5
TackleSuccess,Villarreal,73,Barcelona,71
Clearances,Villarreal,15,Barcelona,8
Interceptions,Villarreal,11,Barcelona,10
Errors,Villarreal,1,Barcelona,2
Fouls,Villarreal,10,Barcelona,10
Offsides,Villarreal,2,Barcelona,4
Rating,Athletic Bilbao,7.06,Levante,6.39
TotalShots,Athletic Bilbao,14,Levante,11
Possession,Athletic Bilbao,40.2,Levante,59.8
PassSuccess,Athletic Bilbao,70,Levante,77
DribblesWon,Athletic Bilbao,7,Levante,15
AerialsWon,Athletic Bilbao,24,Levante,13
TackleSuccessful,Athletic Bilbao,32,Levante,17
CornersTotal,Athletic Bilbao,2,Levante,9
Dispossessed,Athletic Bilbao,8,Levante,23
ShotsOnPost,Athletic Bilbao,1,Levante,0
ShotsOnTarget,Athletic Bilbao,7,Levante,6
ShotsOffTarget,Athletic Bilbao,5,Levante,2
ShotsBlocked,Athletic Bilbao,2,Levante,3
Touches,Athletic Bilbao,487,Levante,612
PassesTotal,Athletic Bilbao,271,Levante,402
PassesAccurate,Athletic Bilbao,191,Levante,311
KeyPasses,Athletic Bilbao,9,Levante,9
DribblesAttempted,Athletic Bilbao,16,Levante,24
DribblesPast,Athletic Bilbao,15,Levante,7
DribbleSuccess,Athletic Bilbao,44,Levante,63
OffensiveAerials,Athletic Bilbao,19,Levante,18
DefensiveAerials,Athletic Bilbao,18,Levante,19
AerialsWon,Athletic Bilbao,65,Levante,35
TacklesAttempted,Athletic Bilbao,47,Levante,24
TacklesUnsuccessful,Athletic Bilbao,15,Levante,7
TackleSuccess,Athletic Bilbao,68,Levante,71
Clearances,Athletic Bilbao,29,Levante,14
Interceptions,Athletic Bilbao,9,Levante,6
Errors,Athletic Bilbao,0,Levante,0
Fouls,Athletic Bilbao,13,Levante,14
Offsides,Athletic Bilbao,1,Levante,1
Rating,SD Huesca,6.74,Celta Vigo,6.87
TotalShots,SD Huesca,22,Celta Vigo,11
Possession,SD Huesca,52.8,Celta Vigo,47.2
PassSuccess,SD Huesca,69,Celta Vigo,70
DribblesWon,SD Huesca,10,Celta Vigo,21
AerialsWon,SD Huesca,33,Celta Vigo,19
TackleSuccessful,SD Huesca,13,Celta Vigo,18
CornersTotal,SD Huesca,5,Celta Vigo,0
Dispossessed,SD Huesca,9,Celta Vigo,9
ShotsOnPost,SD Huesca,1,Celta Vigo,0
ShotsOnTarget,SD Huesca,6,Celta Vigo,5
ShotsOffTarget,SD Huesca,12,Celta Vigo,3
ShotsBlocked,SD Huesca,4,Celta Vigo,3
Touches,SD Huesca,592,Celta Vigo,567
PassesTotal,SD Huesca,382,Celta Vigo,362
PassesAccurate,SD Huesca,264,Celta Vigo,255
KeyPasses,SD Huesca,14,Celta Vigo,8
DribblesAttempted,SD Huesca,19,Celta Vigo,25
DribblesPast,SD Huesca,21,Celta Vigo,10
DribbleSuccess,SD Huesca,53,Celta Vigo,84
OffensiveAerials,SD Huesca,34,Celta Vigo,18
DefensiveAerials,SD Huesca,18,Celta Vigo,34
AerialsWon,SD Huesca,63,Celta Vigo,37
TacklesAttempted,SD Huesca,34,Celta Vigo,28
TacklesUnsuccessful,SD Huesca,21,Celta Vigo,10
TackleSuccess,SD Huesca,38,Celta Vigo,64
Clearances,SD Huesca,15,Celta Vigo,28
Interceptions,SD Huesca,11,Celta Vigo,8
Errors,SD Huesca,0,Celta Vigo,1
Fouls,SD Huesca,9,Celta Vigo,12
Offsides,SD Huesca,0,Celta Vigo,5
Rating,Eibar,6.86,Rayo Vallecano,6.60
TotalShots,Eibar,12,Rayo Vallecano,14
Possession,Eibar,45.1,Rayo Vallecano,54.9
PassSuccess,Eibar,62,Rayo Vallecano,66
DribblesWon,Eibar,9,Rayo Vallecano,12
AerialsWon,Eibar,34,Rayo Vallecano,25
TackleSuccessful,Eibar,18,Rayo Vallecano,22
CornersTotal,Eibar,2,Rayo Vallecano,6
Dispossessed,Eibar,11,Rayo Vallecano,14
ShotsOnPost,Eibar,0,Rayo Vallecano,0
ShotsOnTarget,Eibar,6,Rayo Vallecano,3
ShotsOffTarget,Eibar,5,Rayo Vallecano,7
ShotsBlocked,Eibar,1,Rayo Vallecano,4
Touches,Eibar,570,Rayo Vallecano,645
PassesTotal,Eibar,341,Rayo Vallecano,417
PassesAccurate,Eibar,213,Rayo Vallecano,275
KeyPasses,Eibar,9,Rayo Vallecano,9
DribblesAttempted,Eibar,20,Rayo Vallecano,16
DribblesPast,Eibar,12,Rayo Vallecano,9
DribbleSuccess,Eibar,45,Rayo Vallecano,75
OffensiveAerials,Eibar,38,Rayo Vallecano,21
DefensiveAerials,Eibar,21,Rayo Vallecano,38
AerialsWon,Eibar,58,Rayo Vallecano,42
TacklesAttempted,Eibar,30,Rayo Vallecano,31
TacklesUnsuccessful,Eibar,12,Rayo Vallecano,9
TackleSuccess,Eibar,60,Rayo Vallecano,71
Clearances,Eibar,20,Rayo Vallecano,21
Interceptions,Eibar,12,Rayo Vallecano,12
Errors,Eibar,0,Rayo Vallecano,1
Fouls,Eibar,14,Rayo Vallecano,9
Offsides,Eibar,2,Rayo Vallecano,5
Rating,Valencia,6.89,Real Madrid,6.57
TotalShots,Valencia,11,Real Madrid,15
Possession,Valencia,31.9,Real Madrid,68.1
PassSuccess,Valencia,78,Real Madrid,90
DribblesWon,Valencia,12,Real Madrid,9
AerialsWon,Valencia,13,Real Madrid,9
TackleSuccessful,Valencia,14,Real Madrid,16
CornersTotal,Valencia,6,Real Madrid,6
Dispossessed,Valencia,7,Real Madrid,7
ShotsOnPost,Valencia,0,Real Madrid,0
ShotsOnTarget,Valencia,4,Real Madrid,5
ShotsOffTarget,Valencia,6,Real Madrid,7
ShotsBlocked,Valencia,1,Real Madrid,3
Touches,Valencia,497,Real Madrid,864
PassesTotal,Valencia,320,Real Madrid,686
PassesAccurate,Valencia,250,Real Madrid,619
KeyPasses,Valencia,9,Real Madrid,12
DribblesAttempted,Valencia,21,Real Madrid,16
DribblesPast,Valencia,9,Real Madrid,12
DribbleSuccess,Valencia,57,Real Madrid,56
OffensiveAerials,Valencia,12,Real Madrid,10
DefensiveAerials,Valencia,10,Real Madrid,12
AerialsWon,Valencia,59,Real Madrid,41
TacklesAttempted,Valencia,23,Real Madrid,28
TacklesUnsuccessful,Valencia,9,Real Madrid,12
TackleSuccess,Valencia,61,Real Madrid,57
Clearances,Valencia,24,Real Madrid,9
Interceptions,Valencia,9,Real Madrid,11
Errors,Valencia,0,Real Madrid,0
Fouls,Valencia,9,Real Madrid,13
Offsides,Valencia,2,Real Madrid,1
Rating,Sevilla,7.13,Deportivo Alaves,6.23
TotalShots,Sevilla,18,Deportivo Alaves,4
Possession,Sevilla,64,Deportivo Alaves,36
PassSuccess,Sevilla,79,Deportivo Alaves,61
DribblesWon,Sevilla,11,Deportivo Alaves,3
AerialsWon,Sevilla,34,Deportivo Alaves,21
TackleSuccessful,Sevilla,15,Deportivo Alaves,17
CornersTotal,Sevilla,11,Deportivo Alaves,1
Dispossessed,Sevilla,8,Deportivo Alaves,7
ShotsOnPost,Sevilla,0,Deportivo Alaves,0
ShotsOnTarget,Sevilla,5,Deportivo Alaves,1
ShotsOffTarget,Sevilla,6,Deportivo Alaves,2
ShotsBlocked,Sevilla,7,Deportivo Alaves,1
Touches,Sevilla,721,Deportivo Alaves,472
PassesTotal,Sevilla,512,Deportivo Alaves,295
PassesAccurate,Sevilla,407,Deportivo Alaves,179
KeyPasses,Sevilla,12,Deportivo Alaves,2
DribblesAttempted,Sevilla,20,Deportivo Alaves,11
DribblesPast,Sevilla,3,Deportivo Alaves,11
DribbleSuccess,Sevilla,55,Deportivo Alaves,27
OffensiveAerials,Sevilla,27,Deportivo Alaves,28
DefensiveAerials,Sevilla,28,Deportivo Alaves,27
AerialsWon,Sevilla,62,Deportivo Alaves,38
TacklesAttempted,Sevilla,18,Deportivo Alaves,28
TacklesUnsuccessful,Sevilla,3,Deportivo Alaves,11
TackleSuccess,Sevilla,83,Deportivo Alaves,61
Clearances,Sevilla,13,Deportivo Alaves,30
Interceptions,Sevilla,3,Deportivo Alaves,8
Errors,Sevilla,0,Deportivo Alaves,0
Fouls,Sevilla,13,Deportivo Alaves,19
Offsides,Sevilla,3,Deportivo Alaves,2
Rating,Leganes,6.87,Real Valladolid,6.25
TotalShots,Leganes,18,Real Valladolid,8
Possession,Leganes,55.9,Real Valladolid,44.1
PassSuccess,Leganes,75,Real Valladolid,62
DribblesWon,Leganes,4,Real Valladolid,4
AerialsWon,Leganes,37,Real Valladolid,29
TackleSuccessful,Leganes,11,Real Valladolid,8
CornersTotal,Leganes,3,Real Valladolid,4
Dispossessed,Leganes,3,Real Valladolid,4
ShotsOnPost,Leganes,0,Real Valladolid,0
ShotsOnTarget,Leganes,2,Real Valladolid,1
ShotsOffTarget,Leganes,14,Real Valladolid,6
ShotsBlocked,Leganes,2,Real Valladolid,1
Touches,Leganes,653,Real Valladolid,530
PassesTotal,Leganes,467,Real Valladolid,368
PassesAccurate,Leganes,350,Real Valladolid,228
KeyPasses,Leganes,13,Real Valladolid,3
DribblesAttempted,Leganes,9,Real Valladolid,11
DribblesPast,Leganes,4,Real Valladolid,4
DribbleSuccess,Leganes,44,Real Valladolid,36
OffensiveAerials,Leganes,32,Real Valladolid,34
DefensiveAerials,Leganes,34,Real Valladolid,32
AerialsWon,Leganes,56,Real Valladolid,44
TacklesAttempted,Leganes,15,Real Valladolid,12
TacklesUnsuccessful,Leganes,4,Real Valladolid,4
TackleSuccess,Leganes,73,Real Valladolid,67
Clearances,Leganes,14,Real Valladolid,29
Interceptions,Leganes,12,Real Valladolid,2
Errors,Leganes,1,Real Valladolid,1
Fouls,Leganes,13,Real Valladolid,11
Offsides,Leganes,1,Real Valladolid,2
Rating,Real Sociedad,6.84,Real Betis,6.56
TotalShots,Real Sociedad,15,Real Betis,11
Possession,Real Sociedad,36.1,Real Betis,63.9
PassSuccess,Real Sociedad,78,Real Betis,88
DribblesWon,Real Sociedad,11,Real Betis,14
AerialsWon,Real Sociedad,10,Real Betis,6
TackleSuccessful,Real Sociedad,16,Real Betis,18
CornersTotal,Real Sociedad,3,Real Betis,6
Dispossessed,Real Sociedad,14,Real Betis,8
ShotsOnPost,Real Sociedad,0,Real Betis,0
ShotsOnTarget,Real Sociedad,7,Real Betis,6
ShotsOffTarget,Real Sociedad,6,Real Betis,3
ShotsBlocked,Real Sociedad,2,Real Betis,2
Touches,Real Sociedad,499,Real Betis,755
PassesTotal,Real Sociedad,316,Real Betis,562
PassesAccurate,Real Sociedad,245,Real Betis,493
KeyPasses,Real Sociedad,11,Real Betis,8
DribblesAttempted,Real Sociedad,15,Real Betis,22
DribblesPast,Real Sociedad,14,Real Betis,11
DribbleSuccess,Real Sociedad,73,Real Betis,64
OffensiveAerials,Real Sociedad,7,Real Betis,9
DefensiveAerials,Real Sociedad,9,Real Betis,7
AerialsWon,Real Sociedad,63,Real Betis,38
TacklesAttempted,Real Sociedad,30,Real Betis,29
TacklesUnsuccessful,Real Sociedad,14,Real Betis,11
TackleSuccess,Real Sociedad,53,Real Betis,62
Clearances,Real Sociedad,16,Real Betis,15
Interceptions,Real Sociedad,7,Real Betis,9
Errors,Real Sociedad,0,Real Betis,2
Fouls,Real Sociedad,12,Real Betis,13
Offsides,Real Sociedad,1,Real Betis,2
Rating,Girona,6.37,Espanyol,6.69
TotalShots,Girona,14,Espanyol,10
Possession,Girona,55.2,Espanyol,44.8
PassSuccess,Girona,83,Espanyol,78
DribblesWon,Girona,8,Espanyol,7
AerialsWon,Girona,14,Espanyol,13
TackleSuccessful,Girona,13,Espanyol,12
CornersTotal,Girona,1,Espanyol,4
Dispossessed,Girona,10,Espanyol,7
ShotsOnPost,Girona,0,Espanyol,1
ShotsOnTarget,Girona,5,Espanyol,2
ShotsOffTarget,Girona,6,Espanyol,5
ShotsBlocked,Girona,3,Espanyol,3
Touches,Girona,575,Espanyol,491
PassesTotal,Girona,387,Espanyol,321
PassesAccurate,Girona,321,Espanyol,249
KeyPasses,Girona,9,Espanyol,6
DribblesAttempted,Girona,10,Espanyol,13
DribblesPast,Girona,7,Espanyol,8
DribbleSuccess,Girona,80,Espanyol,54
OffensiveAerials,Girona,15,Espanyol,12
DefensiveAerials,Girona,12,Espanyol,15
AerialsWon,Girona,52,Espanyol,48
TacklesAttempted,Girona,20,Espanyol,20
TacklesUnsuccessful,Girona,7,Espanyol,8
TackleSuccess,Girona,65,Espanyol,60
Clearances,Girona,14,Espanyol,23
Interceptions,Girona,7,Espanyol,9
Errors,Girona,1,Espanyol,0
Fouls,Girona,23,Espanyol,20
Offsides,Girona,3,Espanyol,2
Rating,Real Madrid,7.07,Eibar,6.53
TotalShots,Real Madrid,13,Eibar,3
Possession,Real Madrid,56.3,Eibar,43.7
PassSuccess,Real Madrid,80,Eibar,73
DribblesWon,Real Madrid,15,Eibar,14
AerialsWon,Real Madrid,23,Eibar,19
TackleSuccessful,Real Madrid,22,Eibar,17
CornersTotal,Real Madrid,5,Eibar,4
Dispossessed,Real Madrid,7,Eibar,15
ShotsOnPost,Real Madrid,1,Eibar,0
ShotsOnTarget,Real Madrid,7,Eibar,1
ShotsOffTarget,Real Madrid,6,Eibar,1
ShotsBlocked,Real Madrid,0,Eibar,1
Touches,Real Madrid,743,Eibar,598
PassesTotal,Real Madrid,535,Eibar,412
PassesAccurate,Real Madrid,430,Eibar,301
KeyPasses,Real Madrid,11,Eibar,2
DribblesAttempted,Real Madrid,25,Eibar,21
DribblesPast,Real Madrid,14,Eibar,15
DribbleSuccess,Real Madrid,60,Eibar,67
OffensiveAerials,Real Madrid,10,Eibar,32
DefensiveAerials,Real Madrid,32,Eibar,10
AerialsWon,Real Madrid,55,Eibar,45
TacklesAttempted,Real Madrid,36,Eibar,32
TacklesUnsuccessful,Real Madrid,14,Eibar,15
TackleSuccess,Real Madrid,61,Eibar,53
Clearances,Real Madrid,25,Eibar,15
Interceptions,Real Madrid,12,Eibar,16
Errors,Real Madrid,0,Eibar,1
Fouls,Real Madrid,9,Eibar,15
Offsides,Real Madrid,6,Eibar,3
Rating,Rayo Vallecano,7.19,Valencia,6.22
TotalShots,Rayo Vallecano,15,Valencia,12
Possession,Rayo Vallecano,52.2,Valencia,47.8
PassSuccess,Rayo Vallecano,77,Valencia,65
DribblesWon,Rayo Vallecano,11,Valencia,8
AerialsWon,Rayo Vallecano,19,Valencia,16
TackleSuccessful,Rayo Vallecano,19,Valencia,22
CornersTotal,Rayo Vallecano,4,Valencia,7
Dispossessed,Rayo Vallecano,16,Valencia,11
ShotsOnPost,Rayo Vallecano,0,Valencia,0
ShotsOnTarget,Rayo Vallecano,5,Valencia,3
ShotsOffTarget,Rayo Vallecano,7,Valencia,6
ShotsBlocked,Rayo Vallecano,3,Valencia,3
Touches,Rayo Vallecano,563,Valencia,524
PassesTotal,Rayo Vallecano,339,Valencia,314
PassesAccurate,Rayo Vallecano,260,Valencia,204
KeyPasses,Rayo Vallecano,12,Valencia,7
DribblesAttempted,Rayo Vallecano,17,Valencia,16
DribblesPast,Rayo Vallecano,8,Valencia,11
DribbleSuccess,Rayo Vallecano,65,Valencia,50
OffensiveAerials,Rayo Vallecano,14,Valencia,21
DefensiveAerials,Rayo Vallecano,21,Valencia,14
AerialsWon,Rayo Vallecano,54,Valencia,46
TacklesAttempted,Rayo Vallecano,27,Valencia,33
TacklesUnsuccessful,Rayo Vallecano,8,Valencia,11
TackleSuccess,Rayo Vallecano,70,Valencia,67
Clearances,Rayo Vallecano,23,Valencia,16
Interceptions,Rayo Vallecano,9,Valencia,9
Errors,Rayo Vallecano,0,Valencia,2
Fouls,Rayo Vallecano,17,Valencia,10
Offsides,Rayo Vallecano,1,Valencia,4
Rating,Barcelona,7.15,Atletico,6.59
TotalShots,Barcelona,21,Atletico,9
Possession,Barcelona,64,Atletico,36
PassSuccess,Barcelona,91,Atletico,80
DribblesWon,Barcelona,16,Atletico,11
AerialsWon,Barcelona,9,Atletico,17
TackleSuccessful,Barcelona,14,Atletico,31
CornersTotal,Barcelona,5,Atletico,1
Dispossessed,Barcelona,15,Atletico,6
ShotsOnPost,Barcelona,1,Atletico,0
ShotsOnTarget,Barcelona,10,Atletico,2
ShotsOffTarget,Barcelona,6,Atletico,4
ShotsBlocked,Barcelona,5,Atletico,3
Touches,Barcelona,906,Atletico,583
PassesTotal,Barcelona,719,Atletico,400
PassesAccurate,Barcelona,651,Atletico,321
KeyPasses,Barcelona,14,Atletico,7
DribblesAttempted,Barcelona,32,Atletico,19
DribblesPast,Barcelona,11,Atletico,16
DribbleSuccess,Barcelona,50,Atletico,58
OffensiveAerials,Barcelona,7,Atletico,19
DefensiveAerials,Barcelona,19,Atletico,7
AerialsWon,Barcelona,35,Atletico,65
TacklesAttempted,Barcelona,25,Atletico,47
TacklesUnsuccessful,Barcelona,11,Atletico,16
TackleSuccess,Barcelona,56,Atletico,66
Clearances,Barcelona,7,Atletico,14
Interceptions,Barcelona,12,Atletico,18
Errors,Barcelona,0,Atletico,0
Fouls,Barcelona,14,Atletico,12
Offsides,Barcelona,1,Atletico,0
Rating,Deportivo Alaves,6.62,Leganes,6.39
TotalShots,Deportivo Alaves,6,Leganes,9
Possession,Deportivo Alaves,45.1,Leganes,54.9
PassSuccess,Deportivo Alaves,60,Leganes,71
DribblesWon,Deportivo Alaves,6,Leganes,7
AerialsWon,Deportivo Alaves,43,Leganes,20
TackleSuccessful,Deportivo Alaves,11,Leganes,9
CornersTotal,Deportivo Alaves,3,Leganes,3
Dispossessed,Deportivo Alaves,6,Leganes,6
ShotsOnPost,Deportivo Alaves,0,Leganes,0
ShotsOnTarget,Deportivo Alaves,1,Leganes,5
ShotsOffTarget,Deportivo Alaves,3,Leganes,3
ShotsBlocked,Deportivo Alaves,2,Leganes,1
Touches,Deportivo Alaves,477,Leganes,564
PassesTotal,Deportivo Alaves,314,Leganes,376
PassesAccurate,Deportivo Alaves,187,Leganes,268
KeyPasses,Deportivo Alaves,2,Leganes,8
DribblesAttempted,Deportivo Alaves,9,Leganes,12
DribblesPast,Deportivo Alaves,7,Leganes,6
DribbleSuccess,Deportivo Alaves,67,Leganes,58
OffensiveAerials,Deportivo Alaves,30,Leganes,33
DefensiveAerials,Deportivo Alaves,33,Leganes,30
AerialsWon,Deportivo Alaves,68,Leganes,32
TacklesAttempted,Deportivo Alaves,18,Leganes,15
TacklesUnsuccessful,Deportivo Alaves,7,Leganes,6
TackleSuccess,Deportivo Alaves,61,Leganes,60
Clearances,Deportivo Alaves,29,Leganes,22
Interceptions,Deportivo Alaves,11,Leganes,4
Errors,Deportivo Alaves,0,Leganes,0
Fouls,Deportivo Alaves,17,Leganes,15
Offsides,Deportivo Alaves,2,Leganes,2
Rating,Getafe,6.93,Athletic Bilbao,6.35
TotalShots,Getafe,6,Athletic Bilbao,10
Possession,Getafe,48.9,Athletic Bilbao,51.1
PassSuccess,Getafe,57,Athletic Bilbao,58
DribblesWon,Getafe,10,Athletic Bilbao,2
AerialsWon,Getafe,33,Athletic Bilbao,39
TackleSuccessful,Getafe,15,Athletic Bilbao,20
CornersTotal,Getafe,1,Athletic Bilbao,2
Dispossessed,Getafe,10,Athletic Bilbao,9
ShotsOnPost,Getafe,1,Athletic Bilbao,0
ShotsOnTarget,Getafe,2,Athletic Bilbao,1
ShotsOffTarget,Getafe,3,Athletic Bilbao,6
ShotsBlocked,Getafe,1,Athletic Bilbao,3
Touches,Getafe,534,Athletic Bilbao,539
PassesTotal,Getafe,321,Athletic Bilbao,333
PassesAccurate,Getafe,183,Athletic Bilbao,192
KeyPasses,Getafe,5,Athletic Bilbao,7
DribblesAttempted,Getafe,20,Athletic Bilbao,8
DribblesPast,Getafe,2,Athletic Bilbao,10
DribbleSuccess,Getafe,50,Athletic Bilbao,25
OffensiveAerials,Getafe,38,Athletic Bilbao,34
DefensiveAerials,Getafe,34,Athletic Bilbao,38
AerialsWon,Getafe,46,Athletic Bilbao,54
TacklesAttempted,Getafe,17,Athletic Bilbao,30
TacklesUnsuccessful,Getafe,2,Athletic Bilbao,10
TackleSuccess,Getafe,88,Athletic Bilbao,67
Clearances,Getafe,16,Athletic Bilbao,12
Interceptions,Getafe,14,Athletic Bilbao,10
Errors,Getafe,0,Athletic Bilbao,1
Fouls,Getafe,16,Athletic Bilbao,18
Offsides,Getafe,4,Athletic Bilbao,0
Rating,Real Valladolid,6.33,Sevilla,7.16
TotalShots,Real Valladolid,10,Sevilla,15
Possession,Real Valladolid,39.1,Sevilla,60.9
PassSuccess,Real Valladolid,72,Sevilla,83
DribblesWon,Real Valladolid,10,Sevilla,9
AerialsWon,Real Valladolid,22,Sevilla,25
TackleSuccessful,Real Valladolid,16,Sevilla,8
CornersTotal,Real Valladolid,6,Sevilla,7
Dispossessed,Real Valladolid,6,Sevilla,10
ShotsOnPost,Real Valladolid,0,Sevilla,1
ShotsOnTarget,Real Valladolid,5,Sevilla,4
ShotsOffTarget,Real Valladolid,4,Sevilla,7
ShotsBlocked,Real Valladolid,1,Sevilla,4
Touches,Real Valladolid,511,Sevilla,724
PassesTotal,Real Valladolid,333,Sevilla,530
PassesAccurate,Real Valladolid,240,Sevilla,438
KeyPasses,Real Valladolid,8,Sevilla,13
DribblesAttempted,Real Valladolid,12,Sevilla,15
DribblesPast,Real Valladolid,9,Sevilla,10
DribbleSuccess,Real Valladolid,83,Sevilla,60
OffensiveAerials,Real Valladolid,22,Sevilla,25
DefensiveAerials,Real Valladolid,25,Sevilla,22
AerialsWon,Real Valladolid,47,Sevilla,53
TacklesAttempted,Real Valladolid,25,Sevilla,18
TacklesUnsuccessful,Real Valladolid,9,Sevilla,10
TackleSuccess,Real Valladolid,64,Sevilla,44
Clearances,Real Valladolid,21,Sevilla,14
Interceptions,Real Valladolid,11,Sevilla,9
Errors,Real Valladolid,1,Sevilla,0
Fouls,Real Valladolid,17,Sevilla,12
Offsides,Real Valladolid,6,Sevilla,2
Rating,Celta Vigo,7.06,Real Sociedad,6.17
TotalShots,Celta Vigo,11,Real Sociedad,14
Possession,Celta Vigo,48.7,Real Sociedad,51.3
PassSuccess,Celta Vigo,77,Real Sociedad,81
DribblesWon,Celta Vigo,6,Real Sociedad,8
AerialsWon,Celta Vigo,22,Real Sociedad,13
TackleSuccessful,Celta Vigo,31,Real Sociedad,12
CornersTotal,Celta Vigo,2,Real Sociedad,7
Dispossessed,Celta Vigo,7,Real Sociedad,21
ShotsOnPost,Celta Vigo,0,Real Sociedad,0
ShotsOnTarget,Celta Vigo,4,Real Sociedad,7
ShotsOffTarget,Celta Vigo,5,Real Sociedad,5
ShotsBlocked,Celta Vigo,2,Real Sociedad,2
Touches,Celta Vigo,564,Real Sociedad,593
PassesTotal,Celta Vigo,364,Real Sociedad,391
PassesAccurate,Celta Vigo,282,Real Sociedad,315
KeyPasses,Celta Vigo,8,Real Sociedad,12
DribblesAttempted,Celta Vigo,11,Real Sociedad,18
DribblesPast,Celta Vigo,8,Real Sociedad,6
DribbleSuccess,Celta Vigo,55,Real Sociedad,44
OffensiveAerials,Celta Vigo,15,Real Sociedad,20
DefensiveAerials,Celta Vigo,20,Real Sociedad,15
AerialsWon,Celta Vigo,63,Real Sociedad,37
TacklesAttempted,Celta Vigo,39,Real Sociedad,18
TacklesUnsuccessful,Celta Vigo,8,Real Sociedad,6
TackleSuccess,Celta Vigo,79,Real Sociedad,67
Clearances,Celta Vigo,17,Real Sociedad,16
Interceptions,Celta Vigo,8,Real Sociedad,8
Errors,Celta Vigo,0,Real Sociedad,2
Fouls,Celta Vigo,16,Real Sociedad,11
Offsides,Celta Vigo,1,Real Sociedad,1
Rating,Levante,6.66,SD Huesca,6.89
TotalShots,Levante,14,SD Huesca,17
Possession,Levante,55.1,SD Huesca,44.9
PassSuccess,Levante,75,SD Huesca,70
DribblesWon,Levante,9,SD Huesca,9
AerialsWon,Levante,12,SD Huesca,18
TackleSuccessful,Levante,14,SD Huesca,31
CornersTotal,Levante,9,SD Huesca,1
Dispossessed,Levante,17,SD Huesca,10
ShotsOnPost,Levante,0,SD Huesca,1
ShotsOnTarget,Levante,8,SD Huesca,4
ShotsOffTarget,Levante,4,SD Huesca,11
ShotsBlocked,Levante,2,SD Huesca,2
Touches,Levante,550,SD Huesca,505
PassesTotal,Levante,337,SD Huesca,281
PassesAccurate,Levante,253,SD Huesca,197
KeyPasses,Levante,9,SD Huesca,12
DribblesAttempted,Levante,23,SD Huesca,13
DribblesPast,Levante,9,SD Huesca,9
DribbleSuccess,Levante,39,SD Huesca,69
OffensiveAerials,Levante,11,SD Huesca,19
DefensiveAerials,Levante,19,SD Huesca,11
AerialsWon,Levante,40,SD Huesca,60
TacklesAttempted,Levante,23,SD Huesca,40
TacklesUnsuccessful,Levante,9,SD Huesca,9
TackleSuccess,Levante,61,SD Huesca,78
Clearances,Levante,22,SD Huesca,29
Interceptions,Levante,12,SD Huesca,9
Errors,Levante,0,SD Huesca,1
Fouls,Levante,22,SD Huesca,12
Offsides,Levante,0,SD Huesca,1
Rating,Real Betis,6.96,Villarreal,6.50
TotalShots,Real Betis,17,Villarreal,10
Possession,Real Betis,56.9,Villarreal,43.1
PassSuccess,Real Betis,87,Villarreal,78
DribblesWon,Real Betis,17,Villarreal,11
AerialsWon,Real Betis,12,Villarreal,13
TackleSuccessful,Real Betis,13,Villarreal,16
CornersTotal,Real Betis,4,Villarreal,3
Dispossessed,Real Betis,14,Villarreal,5
ShotsOnPost,Real Betis,0,Villarreal,0
ShotsOnTarget,Real Betis,7,Villarreal,4
ShotsOffTarget,Real Betis,6,Villarreal,5
ShotsBlocked,Real Betis,4,Villarreal,1
Touches,Real Betis,699,Villarreal,561
PassesTotal,Real Betis,532,Villarreal,397
PassesAccurate,Real Betis,461,Villarreal,308
KeyPasses,Real Betis,12,Villarreal,8
DribblesAttempted,Real Betis,19,Villarreal,19
DribblesPast,Real Betis,11,Villarreal,17
DribbleSuccess,Real Betis,89,Villarreal,58
OffensiveAerials,Real Betis,7,Villarreal,18
DefensiveAerials,Real Betis,18,Villarreal,7
AerialsWon,Real Betis,48,Villarreal,52
TacklesAttempted,Real Betis,24,Villarreal,33
TacklesUnsuccessful,Real Betis,11,Villarreal,17
TackleSuccess,Real Betis,54,Villarreal,48
Clearances,Real Betis,13,Villarreal,9
Interceptions,Real Betis,7,Villarreal,13
Errors,Real Betis,0,Villarreal,1
Fouls,Real Betis,15,Villarreal,14
Offsides,Real Betis,1,Villarreal,2
Rating,Espanyol,6.76,Deportivo Alaves,6.40
TotalShots,Espanyol,6,Deportivo Alaves,13
Possession,Espanyol,56.3,Deportivo Alaves,43.7
PassSuccess,Espanyol,77,Deportivo Alaves,75
DribblesWon,Espanyol,15,Deportivo Alaves,6
AerialsWon,Espanyol,25,Deportivo Alaves,29
TackleSuccessful,Espanyol,11,Deportivo Alaves,14
CornersTotal,Espanyol,4,Deportivo Alaves,8
Dispossessed,Espanyol,8,Deportivo Alaves,9
ShotsOnPost,Espanyol,0,Deportivo Alaves,0
ShotsOnTarget,Espanyol,2,Deportivo Alaves,3
ShotsOffTarget,Espanyol,2,Deportivo Alaves,6
ShotsBlocked,Espanyol,2,Deportivo Alaves,4
Touches,Espanyol,652,Deportivo Alaves,539
PassesTotal,Espanyol,468,Deportivo Alaves,342
PassesAccurate,Espanyol,360,Deportivo Alaves,255
KeyPasses,Espanyol,2,Deportivo Alaves,10
DribblesAttempted,Espanyol,21,Deportivo Alaves,8
DribblesPast,Espanyol,6,Deportivo Alaves,15
DribbleSuccess,Espanyol,71,Deportivo Alaves,75
OffensiveAerials,Espanyol,20,Deportivo Alaves,34
DefensiveAerials,Espanyol,34,Deportivo Alaves,20
AerialsWon,Espanyol,46,Deportivo Alaves,54
TacklesAttempted,Espanyol,17,Deportivo Alaves,29
TacklesUnsuccessful,Espanyol,6,Deportivo Alaves,15
TackleSuccess,Espanyol,65,Deportivo Alaves,48
Clearances,Espanyol,32,Deportivo Alaves,18
Interceptions,Espanyol,8,Deportivo Alaves,12
Errors,Espanyol,0,Deportivo Alaves,1
Fouls,Espanyol,12,Deportivo Alaves,17
Offsides,Espanyol,4,Deportivo Alaves,2
Rating,SD Huesca,6.79,Barcelona,6.72
TotalShots,SD Huesca,6,Barcelona,10
Possession,SD Huesca,25.9,Barcelona,74.1
PassSuccess,SD Huesca,62,Barcelona,89
DribblesWon,SD Huesca,9,Barcelona,10
AerialsWon,SD Huesca,12,Barcelona,10
TackleSuccessful,SD Huesca,40,Barcelona,24
CornersTotal,SD Huesca,6,Barcelona,5
Dispossessed,SD Huesca,10,Barcelona,28
ShotsOnPost,SD Huesca,0,Barcelona,1
ShotsOnTarget,SD Huesca,1,Barcelona,2
ShotsOffTarget,SD Huesca,5,Barcelona,5
ShotsBlocked,SD Huesca,0,Barcelona,3
Touches,SD Huesca,424,Barcelona,854
PassesTotal,SD Huesca,212,Barcelona,644
PassesAccurate,SD Huesca,132,Barcelona,573
KeyPasses,SD Huesca,3,Barcelona,6
DribblesAttempted,SD Huesca,23,Barcelona,22
DribblesPast,SD Huesca,10,Barcelona,9
DribbleSuccess,SD Huesca,39,Barcelona,45
OffensiveAerials,SD Huesca,18,Barcelona,4
DefensiveAerials,SD Huesca,4,Barcelona,18
AerialsWon,SD Huesca,55,Barcelona,45
TacklesAttempted,SD Huesca,50,Barcelona,33
TacklesUnsuccessful,SD Huesca,10,Barcelona,9
TackleSuccess,SD Huesca,80,Barcelona,73
Clearances,SD Huesca,16,Barcelona,19
Interceptions,SD Huesca,10,Barcelona,8
Errors,SD Huesca,1,Barcelona,0
Fouls,SD Huesca,18,Barcelona,13
Offsides,SD Huesca,3,Barcelona,8
Rating,Atletico,7.17,Celta Vigo,6.50
TotalShots,Atletico,11,Celta Vigo,10
Possession,Atletico,56,Celta Vigo,44
PassSuccess,Atletico,89,Celta Vigo,84
DribblesWon,Atletico,10,Celta Vigo,21
AerialsWon,Atletico,13,Celta Vigo,12
TackleSuccessful,Atletico,19,Celta Vigo,27
CornersTotal,Atletico,1,Celta Vigo,2
Dispossessed,Atletico,17,Celta Vigo,12
ShotsOnPost,Atletico,0,Celta Vigo,0
ShotsOnTarget,Atletico,5,Celta Vigo,3
ShotsOffTarget,Atletico,4,Celta Vigo,4
ShotsBlocked,Atletico,2,Celta Vigo,3
Touches,Atletico,826,Celta Vigo,664
PassesTotal,Atletico,629,Celta Vigo,477
PassesAccurate,Atletico,559,Celta Vigo,402
KeyPasses,Atletico,9,Celta Vigo,7
DribblesAttempted,Atletico,20,Celta Vigo,28
DribblesPast,Atletico,21,Celta Vigo,10
DribbleSuccess,Atletico,50,Celta Vigo,75
OffensiveAerials,Atletico,9,Celta Vigo,16
DefensiveAerials,Atletico,16,Celta Vigo,9
AerialsWon,Atletico,52,Celta Vigo,48
TacklesAttempted,Atletico,40,Celta Vigo,37
TacklesUnsuccessful,Atletico,21,Celta Vigo,10
TackleSuccess,Atletico,48,Celta Vigo,73
Clearances,Atletico,19,Celta Vigo,9
Interceptions,Atletico,13,Celta Vigo,9
Errors,Atletico,0,Celta Vigo,0
Fouls,Atletico,9,Celta Vigo,15
Offsides,Atletico,2,Celta Vigo,0
Rating,Sevilla,6.79,Real Betis,6.54
TotalShots,Sevilla,11,Real Betis,12
Possession,Sevilla,38.4,Real Betis,61.6
PassSuccess,Sevilla,73,Real Betis,85
DribblesWon,Sevilla,7,Real Betis,3
AerialsWon,Sevilla,10,Real Betis,20
TackleSuccessful,Sevilla,17,Real Betis,13
CornersTotal,Sevilla,5,Real Betis,4
Dispossessed,Sevilla,11,Real Betis,11
ShotsOnPost,Sevilla,0,Real Betis,0
ShotsOnTarget,Sevilla,5,Real Betis,7
ShotsOffTarget,Sevilla,4,Real Betis,3
ShotsBlocked,Sevilla,2,Real Betis,2
Touches,Sevilla,508,Real Betis,729
PassesTotal,Sevilla,331,Real Betis,530
PassesAccurate,Sevilla,243,Real Betis,452
KeyPasses,Sevilla,9,Real Betis,7
DribblesAttempted,Sevilla,9,Real Betis,9
DribblesPast,Sevilla,3,Real Betis,7
DribbleSuccess,Sevilla,78,Real Betis,33
OffensiveAerials,Sevilla,21,Real Betis,9
DefensiveAerials,Sevilla,9,Real Betis,21
AerialsWon,Sevilla,33,Real Betis,67
TacklesAttempted,Sevilla,20,Real Betis,20
TacklesUnsuccessful,Sevilla,3,Real Betis,7
TackleSuccess,Sevilla,85,Real Betis,65
Clearances,Sevilla,25,Real Betis,18
Interceptions,Sevilla,7,Real Betis,11
Errors,Sevilla,2,Real Betis,0
Fouls,Sevilla,18,Real Betis,8
Offsides,Sevilla,4,Real Betis,5
Rating,Real Valladolid,6.55,Getafe,6.52
TotalShots,Real Valladolid,8,Getafe,8
Possession,Real Valladolid,59.9,Getafe,40.1
PassSuccess,Real Valladolid,69,Getafe,52
DribblesWon,Real Valladolid,8,Getafe,10
AerialsWon,Real Valladolid,30,Getafe,31
TackleSuccessful,Real Valladolid,14,Getafe,9
CornersTotal,Real Valladolid,5,Getafe,3
Dispossessed,Real Valladolid,5,Getafe,9
ShotsOnPost,Real Valladolid,0,Getafe,0
ShotsOnTarget,Real Valladolid,4,Getafe,3
ShotsOffTarget,Real Valladolid,0,Getafe,3
ShotsBlocked,Real Valladolid,4,Getafe,2
Touches,Real Valladolid,574,Getafe,446
PassesTotal,Real Valladolid,391,Getafe,261
PassesAccurate,Real Valladolid,269,Getafe,137
KeyPasses,Real Valladolid,5,Getafe,4
DribblesAttempted,Real Valladolid,12,Getafe,15
DribblesPast,Real Valladolid,10,Getafe,8
DribbleSuccess,Real Valladolid,67,Getafe,67
OffensiveAerials,Real Valladolid,25,Getafe,36
DefensiveAerials,Real Valladolid,36,Getafe,25
AerialsWon,Real Valladolid,49,Getafe,51
TacklesAttempted,Real Valladolid,24,Getafe,17
TacklesUnsuccessful,Real Valladolid,10,Getafe,8
TackleSuccess,Real Valladolid,58,Getafe,53
Clearances,Real Valladolid,19,Getafe,28
Interceptions,Real Valladolid,10,Getafe,8
Errors,Real Valladolid,0,Getafe,0
Fouls,Real Valladolid,22,Getafe,18
Offsides,Real Valladolid,5,Getafe,2
Rating,Athletic Bilbao,7.03,Rayo Vallecano,6.62
TotalShots,Athletic Bilbao,15,Rayo Vallecano,8
Possession,Athletic Bilbao,46.1,Rayo Vallecano,53.9
PassSuccess,Athletic Bilbao,72,Rayo Vallecano,76
DribblesWon,Athletic Bilbao,12,Rayo Vallecano,22
AerialsWon,Athletic Bilbao,18,Rayo Vallecano,19
TackleSuccessful,Athletic Bilbao,32,Rayo Vallecano,21
CornersTotal,Athletic Bilbao,3,Rayo Vallecano,6
Dispossessed,Athletic Bilbao,9,Rayo Vallecano,21
ShotsOnPost,Athletic Bilbao,1,Rayo Vallecano,0
ShotsOnTarget,Athletic Bilbao,9,Rayo Vallecano,4
ShotsOffTarget,Athletic Bilbao,4,Rayo Vallecano,2
ShotsBlocked,Athletic Bilbao,2,Rayo Vallecano,2
Touches,Athletic Bilbao,529,Rayo Vallecano,580
PassesTotal,Athletic Bilbao,305,Rayo Vallecano,357
PassesAccurate,Athletic Bilbao,221,Rayo Vallecano,270
KeyPasses,Athletic Bilbao,11,Rayo Vallecano,5
DribblesAttempted,Athletic Bilbao,24,Rayo Vallecano,33
DribblesPast,Athletic Bilbao,22,Rayo Vallecano,12
DribbleSuccess,Athletic Bilbao,50,Rayo Vallecano,67
OffensiveAerials,Athletic Bilbao,24,Rayo Vallecano,12
DefensiveAerials,Athletic Bilbao,13,Rayo Vallecano,25
AerialsWon,Athletic Bilbao,49,Rayo Vallecano,51
TacklesAttempted,Athletic Bilbao,54,Rayo Vallecano,33
TacklesUnsuccessful,Athletic Bilbao,22,Rayo Vallecano,12
TackleSuccess,Athletic Bilbao,59,Rayo Vallecano,64
Clearances,Athletic Bilbao,19,Rayo Vallecano,15
Interceptions,Athletic Bilbao,11,Rayo Vallecano,13
Errors,Athletic Bilbao,0,Rayo Vallecano,2
Fouls,Athletic Bilbao,10,Rayo Vallecano,16
Offsides,Athletic Bilbao,3,Rayo Vallecano,2
Rating,Real Sociedad,6.50,Eibar,6.78
TotalShots,Real Sociedad,3,Eibar,17
Possession,Real Sociedad,36.9,Eibar,63.1
PassSuccess,Real Sociedad,57,Eibar,72
DribblesWon,Real Sociedad,8,Eibar,9
AerialsWon,Real Sociedad,32,Eibar,33
TackleSuccessful,Real Sociedad,14,Eibar,24
CornersTotal,Real Sociedad,0,Eibar,3
Dispossessed,Real Sociedad,16,Eibar,8
ShotsOnPost,Real Sociedad,0,Eibar,2
ShotsOnTarget,Real Sociedad,2,Eibar,2
ShotsOffTarget,Real Sociedad,1,Eibar,12
ShotsBlocked,Real Sociedad,0,Eibar,3
Touches,Real Sociedad,504,Eibar,719
PassesTotal,Real Sociedad,315,Eibar,531
PassesAccurate,Real Sociedad,179,Eibar,382
KeyPasses,Real Sociedad,3,Eibar,11
DribblesAttempted,Real Sociedad,16,Eibar,15
DribblesPast,Real Sociedad,9,Eibar,8
DribbleSuccess,Real Sociedad,50,Eibar,60
OffensiveAerials,Real Sociedad,25,Eibar,40
DefensiveAerials,Real Sociedad,40,Eibar,25
AerialsWon,Real Sociedad,49,Eibar,51
TacklesAttempted,Real Sociedad,23,Eibar,32
TacklesUnsuccessful,Real Sociedad,9,Eibar,8
TackleSuccess,Real Sociedad,61,Eibar,75
Clearances,Real Sociedad,19,Eibar,8
Interceptions,Real Sociedad,12,Eibar,7
Errors,Real Sociedad,0,Eibar,0
Fouls,Real Sociedad,15,Eibar,18
Offsides,Real Sociedad,7,Eibar,0
Rating,Girona,6.52,Villarreal,7.10
TotalShots,Girona,14,Villarreal,17
Possession,Girona,58,Villarreal,42
PassSuccess,Girona,85,Villarreal,79
DribblesWon,Girona,9,Villarreal,9
AerialsWon,Girona,17,Villarreal,19
TackleSuccessful,Girona,15,Villarreal,16
CornersTotal,Girona,9,Villarreal,5
Dispossessed,Girona,8,Villarreal,7
ShotsOnPost,Girona,0,Villarreal,0
ShotsOnTarget,Girona,5,Villarreal,6
ShotsOffTarget,Girona,5,Villarreal,6
ShotsBlocked,Girona,4,Villarreal,5
Touches,Girona,679,Villarreal,561
PassesTotal,Girona,479,Villarreal,372
PassesAccurate,Girona,408,Villarreal,293
KeyPasses,Girona,11,Villarreal,14
DribblesAttempted,Girona,17,Villarreal,17
DribblesPast,Girona,9,Villarreal,9
DribbleSuccess,Girona,53,Villarreal,53
OffensiveAerials,Girona,24,Villarreal,12
DefensiveAerials,Girona,12,Villarreal,24
AerialsWon,Girona,47,Villarreal,53
TacklesAttempted,Girona,24,Villarreal,25
TacklesUnsuccessful,Girona,9,Villarreal,9
TackleSuccess,Girona,63,Villarreal,64
Clearances,Girona,7,Villarreal,40
Interceptions,Girona,6,Villarreal,11
Errors,Girona,0,Villarreal,0
Fouls,Girona,12,Villarreal,11
Offsides,Girona,2,Villarreal,1
Rating,Valencia,7.14,Levante,6.26
TotalShots,Valencia,23,Levante,6
Possession,Valencia,53.4,Levante,46.6
PassSuccess,Valencia,82,Levante,79
DribblesWon,Valencia,10,Levante,5
AerialsWon,Valencia,11,Levante,12
TackleSuccessful,Valencia,13,Levante,14
CornersTotal,Valencia,8,Levante,3
Dispossessed,Valencia,6,Levante,1
ShotsOnPost,Valencia,1,Levante,0
ShotsOnTarget,Valencia,6,Levante,3
ShotsOffTarget,Valencia,13,Levante,3
ShotsBlocked,Valencia,4,Levante,0
Touches,Valencia,641,Levante,554
PassesTotal,Valencia,456,Levante,404
PassesAccurate,Valencia,372,Levante,321
KeyPasses,Valencia,20,Levante,6
DribblesAttempted,Valencia,18,Levante,17
DribblesPast,Valencia,5,Levante,10
DribbleSuccess,Valencia,56,Levante,29
OffensiveAerials,Valencia,17,Levante,6
DefensiveAerials,Valencia,6,Levante,17
AerialsWon,Valencia,48,Levante,52
TacklesAttempted,Valencia,18,Levante,24
TacklesUnsuccessful,Valencia,5,Levante,10
TackleSuccess,Valencia,72,Levante,58
Clearances,Valencia,21,Levante,19
Interceptions,Valencia,11,Levante,8
Errors,Valencia,0,Levante,0
Fouls,Valencia,12,Levante,19
Offsides,Valencia,0,Levante,1
Rating,Leganes,6.56,Real Madrid,6.66
TotalShots,Leganes,5,Real Madrid,13
Possession,Leganes,29.4,Real Madrid,70.6
PassSuccess,Leganes,66,Real Madrid,89
DribblesWon,Leganes,4,Real Madrid,13
AerialsWon,Leganes,17,Real Madrid,13
TackleSuccessful,Leganes,13,Real Madrid,13
CornersTotal,Leganes,1,Real Madrid,5
Dispossessed,Leganes,6,Real Madrid,5
ShotsOnPost,Leganes,0,Real Madrid,0
ShotsOnTarget,Leganes,2,Real Madrid,6
ShotsOffTarget,Leganes,2,Real Madrid,6
ShotsBlocked,Leganes,1,Real Madrid,1
Touches,Leganes,439,Real Madrid,868
PassesTotal,Leganes,285,Real Madrid,690
PassesAccurate,Leganes,189,Real Madrid,612
KeyPasses,Leganes,4,Real Madrid,9
DribblesAttempted,Leganes,11,Real Madrid,21
DribblesPast,Leganes,13,Real Madrid,4
DribbleSuccess,Leganes,36,Real Madrid,62
OffensiveAerials,Leganes,25,Real Madrid,5
DefensiveAerials,Leganes,5,Real Madrid,25
AerialsWon,Leganes,57,Real Madrid,43
TacklesAttempted,Leganes,26,Real Madrid,17
TacklesUnsuccessful,Leganes,13,Real Madrid,4
TackleSuccess,Leganes,50,Real Madrid,76
Clearances,Leganes,16,Real Madrid,16
Interceptions,Leganes,11,Real Madrid,7
Errors,Leganes,0,Real Madrid,0
Fouls,Leganes,11,Real Madrid,12
Offsides,Leganes,3,Real Madrid,0
Rating,Deportivo Alaves,6.79,Real Valladolid,6.58
TotalShots,Deportivo Alaves,10,Real Valladolid,12
Possession,Deportivo Alaves,46.2,Real Valladolid,53.8
PassSuccess,Deportivo Alaves,68,Real Valladolid,71
DribblesWon,Deportivo Alaves,7,Real Valladolid,3
AerialsWon,Deportivo Alaves,37,Real Valladolid,33
TackleSuccessful,Deportivo Alaves,13,Real Valladolid,11
CornersTotal,Deportivo Alaves,5,Real Valladolid,7
Dispossessed,Deportivo Alaves,5,Real Valladolid,9
ShotsOnPost,Deportivo Alaves,1,Real Valladolid,0
ShotsOnTarget,Deportivo Alaves,4,Real Valladolid,7
ShotsOffTarget,Deportivo Alaves,5,Real Valladolid,3
ShotsBlocked,Deportivo Alaves,1,Real Valladolid,2
Touches,Deportivo Alaves,532,Real Valladolid,584
PassesTotal,Deportivo Alaves,333,Real Valladolid,380
PassesAccurate,Deportivo Alaves,225,Real Valladolid,269
KeyPasses,Deportivo Alaves,5,Real Valladolid,7
DribblesAttempted,Deportivo Alaves,13,Real Valladolid,7
DribblesPast,Deportivo Alaves,3,Real Valladolid,7
DribbleSuccess,Deportivo Alaves,54,Real Valladolid,43
OffensiveAerials,Deportivo Alaves,25,Real Valladolid,44
DefensiveAerials,Deportivo Alaves,45,Real Valladolid,26
AerialsWon,Deportivo Alaves,53,Real Valladolid,47
TacklesAttempted,Deportivo Alaves,16,Real Valladolid,18
TacklesUnsuccessful,Deportivo Alaves,3,Real Valladolid,7
TackleSuccess,Deportivo Alaves,81,Real Valladolid,61
Clearances,Deportivo Alaves,33,Real Valladolid,19
Interceptions,Deportivo Alaves,6,Real Valladolid,13
Errors,Deportivo Alaves,0,Real Valladolid,1
Fouls,Deportivo Alaves,17,Real Valladolid,16
Offsides,Deportivo Alaves,1,Real Valladolid,1
Rating,Celta Vigo,6.84,Girona,6.55
TotalShots,Celta Vigo,13,Girona,9
Possession,Celta Vigo,62.9,Girona,37.1
PassSuccess,Celta Vigo,84,Girona,77
DribblesWon,Celta Vigo,12,Girona,8
AerialsWon,Celta Vigo,14,Girona,18
TackleSuccessful,Celta Vigo,18,Girona,19
CornersTotal,Celta Vigo,5,Girona,1
Dispossessed,Celta Vigo,11,Girona,10
ShotsOnPost,Celta Vigo,0,Girona,0
ShotsOnTarget,Celta Vigo,8,Girona,1
ShotsOffTarget,Celta Vigo,4,Girona,6
ShotsBlocked,Celta Vigo,1,Girona,2
Touches,Celta Vigo,678,Girona,478
PassesTotal,Celta Vigo,498,Girona,291
PassesAccurate,Celta Vigo,418,Girona,223
KeyPasses,Celta Vigo,10,Girona,8
DribblesAttempted,Celta Vigo,20,Girona,16
DribblesPast,Celta Vigo,8,Girona,12
DribbleSuccess,Celta Vigo,60,Girona,50
OffensiveAerials,Celta Vigo,17,Girona,15
DefensiveAerials,Celta Vigo,15,Girona,17
AerialsWon,Celta Vigo,44,Girona,56
TacklesAttempted,Celta Vigo,26,Girona,31
TacklesUnsuccessful,Celta Vigo,8,Girona,12
TackleSuccess,Celta Vigo,69,Girona,61
Clearances,Celta Vigo,10,Girona,34
Interceptions,Celta Vigo,6,Girona,7
Errors,Celta Vigo,0,Girona,0
Fouls,Celta Vigo,7,Girona,10
Offsides,Celta Vigo,2,Girona,1
Rating,Eibar,6.47,Atletico,6.98
TotalShots,Eibar,10,Atletico,8
Possession,Eibar,51.6,Atletico,48.4
PassSuccess,Eibar,76,Atletico,72
DribblesWon,Eibar,6,Atletico,7
AerialsWon,Eibar,27,Atletico,31
TackleSuccessful,Eibar,14,Atletico,22
CornersTotal,Eibar,5,Atletico,8
Dispossessed,Eibar,13,Atletico,10
ShotsOnPost,Eibar,0,Atletico,0
ShotsOnTarget,Eibar,2,Atletico,4
ShotsOffTarget,Eibar,6,Atletico,4
ShotsBlocked,Eibar,2,Atletico,0
Touches,Eibar,607,Atletico,585
PassesTotal,Eibar,407,Atletico,398
PassesAccurate,Eibar,308,Atletico,287
KeyPasses,Eibar,6,Atletico,8
DribblesAttempted,Eibar,15,Atletico,11
DribblesPast,Eibar,7,Atletico,6
DribbleSuccess,Eibar,40,Atletico,64
OffensiveAerials,Eibar,32,Atletico,26
DefensiveAerials,Eibar,26,Atletico,32
AerialsWon,Eibar,47,Atletico,53
TacklesAttempted,Eibar,21,Atletico,28
TacklesUnsuccessful,Eibar,7,Atletico,6
TackleSuccess,Eibar,67,Atletico,79
Clearances,Eibar,18,Atletico,30
Interceptions,Eibar,5,Atletico,7
Errors,Eibar,0,Atletico,0
Fouls,Eibar,11,Atletico,12
Offsides,Eibar,1,Atletico,4
Rating,Rayo Vallecano,6.98,SD Huesca,6.91
TotalShots,Rayo Vallecano,16,SD Huesca,10
Possession,Rayo Vallecano,56.1,SD Huesca,43.9
PassSuccess,Rayo Vallecano,71,SD Huesca,61
DribblesWon,Rayo Vallecano,14,SD Huesca,6
AerialsWon,Rayo Vallecano,31,SD Huesca,26
TackleSuccessful,Rayo Vallecano,20,SD Huesca,32
CornersTotal,Rayo Vallecano,8,SD Huesca,3
Dispossessed,Rayo Vallecano,21,SD Huesca,10
ShotsOnPost,Rayo Vallecano,1,SD Huesca,0
ShotsOnTarget,Rayo Vallecano,3,SD Huesca,3
ShotsOffTarget,Rayo Vallecano,9,SD Huesca,4
ShotsBlocked,Rayo Vallecano,4,SD Huesca,3
Touches,Rayo Vallecano,607,SD Huesca,514
PassesTotal,Rayo Vallecano,348,SD Huesca,279
PassesAccurate,Rayo Vallecano,247,SD Huesca,171
KeyPasses,Rayo Vallecano,12,SD Huesca,8
DribblesAttempted,Rayo Vallecano,25,SD Huesca,16
DribblesPast,Rayo Vallecano,6,SD Huesca,14
DribbleSuccess,Rayo Vallecano,56,SD Huesca,38
OffensiveAerials,Rayo Vallecano,20,SD Huesca,37
DefensiveAerials,Rayo Vallecano,37,SD Huesca,20
AerialsWon,Rayo Vallecano,54,SD Huesca,46
TacklesAttempted,Rayo Vallecano,26,SD Huesca,46
TacklesUnsuccessful,Rayo Vallecano,6,SD Huesca,14
TackleSuccess,Rayo Vallecano,77,SD Huesca,70
Clearances,Rayo Vallecano,26,SD Huesca,28
Interceptions,Rayo Vallecano,7,SD Huesca,11
Errors,Rayo Vallecano,0,SD Huesca,1
Fouls,Rayo Vallecano,12,SD Huesca,10
Offsides,Rayo Vallecano,3,SD Huesca,8
Rating,Barcelona,6.86,Real Sociedad,6.41
TotalShots,Barcelona,11,Real Sociedad,9
Possession,Barcelona,49.7,Real Sociedad,50.3
PassSuccess,Barcelona,83,Real Sociedad,82
DribblesWon,Barcelona,11,Real Sociedad,6
AerialsWon,Barcelona,15,Real Sociedad,10
TackleSuccessful,Barcelona,13,Real Sociedad,14
CornersTotal,Barcelona,4,Real Sociedad,2
Dispossessed,Barcelona,8,Real Sociedad,8
ShotsOnPost,Barcelona,0,Real Sociedad,0
ShotsOnTarget,Barcelona,4,Real Sociedad,2
ShotsOffTarget,Barcelona,5,Real Sociedad,5
ShotsBlocked,Barcelona,2,Real Sociedad,2
Touches,Barcelona,691,Real Sociedad,676
PassesTotal,Barcelona,522,Real Sociedad,523
PassesAccurate,Barcelona,433,Real Sociedad,429
KeyPasses,Barcelona,8,Real Sociedad,7
DribblesAttempted,Barcelona,17,Real Sociedad,11
DribblesPast,Barcelona,6,Real Sociedad,11
DribbleSuccess,Barcelona,65,Real Sociedad,55
OffensiveAerials,Barcelona,4,Real Sociedad,21
DefensiveAerials,Barcelona,21,Real Sociedad,4
AerialsWon,Barcelona,60,Real Sociedad,40
TacklesAttempted,Barcelona,19,Real Sociedad,25
TacklesUnsuccessful,Barcelona,6,Real Sociedad,11
TackleSuccess,Barcelona,68,Real Sociedad,56
Clearances,Barcelona,19,Real Sociedad,13
Interceptions,Barcelona,12,Real Sociedad,11
Errors,Barcelona,0,Real Sociedad,0
Fouls,Barcelona,11,Real Sociedad,12
Offsides,Barcelona,6,Real Sociedad,0
Rating,Levante,6.76,Espanyol,6.90
TotalShots,Levante,19,Espanyol,15
Possession,Levante,50.4,Espanyol,49.6
PassSuccess,Levante,72,Espanyol,75
DribblesWon,Levante,10,Espanyol,11
AerialsWon,Levante,19,Espanyol,10
TackleSuccessful,Levante,10,Espanyol,24
CornersTotal,Levante,12,Espanyol,7
Dispossessed,Levante,10,Espanyol,3
ShotsOnPost,Levante,0,Espanyol,1
ShotsOnTarget,Levante,5,Espanyol,7
ShotsOffTarget,Levante,6,Espanyol,6
ShotsBlocked,Levante,8,Espanyol,2
Touches,Levante,603,Espanyol,606
PassesTotal,Levante,376,Espanyol,401
PassesAccurate,Levante,272,Espanyol,300
KeyPasses,Levante,17,Espanyol,12
DribblesAttempted,Levante,24,Espanyol,18
DribblesPast,Levante,11,Espanyol,10
DribbleSuccess,Levante,42,Espanyol,61
OffensiveAerials,Levante,18,Espanyol,11
DefensiveAerials,Levante,11,Espanyol,18
AerialsWon,Levante,66,Espanyol,34
TacklesAttempted,Levante,21,Espanyol,34
TacklesUnsuccessful,Levante,11,Espanyol,10
TackleSuccess,Levante,48,Espanyol,71
Clearances,Levante,13,Espanyol,31
Interceptions,Levante,19,Espanyol,13
Errors,Levante,0,Espanyol,0
Fouls,Levante,13,Espanyol,15
Offsides,Levante,2,Espanyol,0
Rating,Getafe,7.02,Sevilla,6.02
TotalShots,Getafe,10,Sevilla,12
Possession,Getafe,35.9,Sevilla,64.1
PassSuccess,Getafe,60,Sevilla,76
DribblesWon,Getafe,5,Sevilla,8
AerialsWon,Getafe,27,Sevilla,22
TackleSuccessful,Getafe,13,Sevilla,14
CornersTotal,Getafe,2,Sevilla,7
Dispossessed,Getafe,11,Sevilla,9
ShotsOnPost,Getafe,0,Sevilla,1
ShotsOnTarget,Getafe,3,Sevilla,2
ShotsOffTarget,Getafe,2,Sevilla,6
ShotsBlocked,Getafe,5,Sevilla,4
Touches,Getafe,434,Sevilla,644
PassesTotal,Getafe,260,Sevilla,465
PassesAccurate,Getafe,156,Sevilla,353
KeyPasses,Getafe,6,Sevilla,6
DribblesAttempted,Getafe,8,Sevilla,12
DribblesPast,Getafe,8,Sevilla,5
DribbleSuccess,Getafe,63,Sevilla,67
OffensiveAerials,Getafe,28,Sevilla,21
DefensiveAerials,Getafe,21,Sevilla,28
AerialsWon,Getafe,55,Sevilla,45
TacklesAttempted,Getafe,21,Sevilla,19
TacklesUnsuccessful,Getafe,8,Sevilla,5
TackleSuccess,Getafe,62,Sevilla,74
Clearances,Getafe,24,Sevilla,10
Interceptions,Getafe,13,Sevilla,9
Errors,Getafe,0,Sevilla,0
Fouls,Getafe,19,Sevilla,15
Offsides,Getafe,2,Sevilla,3
Rating,Real Madrid,7.43,Athletic Bilbao,6.15
TotalShots,Real Madrid,11,Athletic Bilbao,5
Possession,Real Madrid,56.8,Athletic Bilbao,43.2
PassSuccess,Real Madrid,85,Athletic Bilbao,80
DribblesWon,Real Madrid,19,Athletic Bilbao,8
AerialsWon,Real Madrid,11,Athletic Bilbao,16
TackleSuccessful,Real Madrid,22,Athletic Bilbao,24
CornersTotal,Real Madrid,8,Athletic Bilbao,2
Dispossessed,Real Madrid,17,Athletic Bilbao,13
ShotsOnPost,Real Madrid,0,Athletic Bilbao,0
ShotsOnTarget,Real Madrid,4,Athletic Bilbao,3
ShotsOffTarget,Real Madrid,5,Athletic Bilbao,2
ShotsBlocked,Real Madrid,2,Athletic Bilbao,0
Touches,Real Madrid,753,Athletic Bilbao,595
PassesTotal,Real Madrid,531,Athletic Bilbao,405
PassesAccurate,Real Madrid,449,Athletic Bilbao,324
KeyPasses,Real Madrid,10,Athletic Bilbao,5
DribblesAttempted,Real Madrid,26,Athletic Bilbao,17
DribblesPast,Real Madrid,8,Athletic Bilbao,19
DribbleSuccess,Real Madrid,73,Athletic Bilbao,47
OffensiveAerials,Real Madrid,9,Athletic Bilbao,18
DefensiveAerials,Real Madrid,18,Athletic Bilbao,9
AerialsWon,Real Madrid,41,Athletic Bilbao,59
TacklesAttempted,Real Madrid,30,Athletic Bilbao,43
TacklesUnsuccessful,Real Madrid,8,Athletic Bilbao,19
TackleSuccess,Real Madrid,73,Athletic Bilbao,56
Clearances,Real Madrid,21,Athletic Bilbao,17
Interceptions,Real Madrid,10,Athletic Bilbao,15
Errors,Real Madrid,0,Athletic Bilbao,1
Fouls,Real Madrid,12,Athletic Bilbao,16
Offsides,Real Madrid,2,Athletic Bilbao,1
Rating,Villarreal,6.58,Leganes,6.60
TotalShots,Villarreal,11,Leganes,6
Possession,Villarreal,66.6,Leganes,33.4
PassSuccess,Villarreal,82,Leganes,68
DribblesWon,Villarreal,8,Leganes,2
AerialsWon,Villarreal,13,Leganes,29
TackleSuccessful,Villarreal,7,Leganes,18
CornersTotal,Villarreal,7,Leganes,4
Dispossessed,Villarreal,10,Leganes,2
ShotsOnPost,Villarreal,0,Leganes,0
ShotsOnTarget,Villarreal,5,Leganes,2
ShotsOffTarget,Villarreal,2,Leganes,3
ShotsBlocked,Villarreal,4,Leganes,1
Touches,Villarreal,719,Leganes,448
PassesTotal,Villarreal,559,Leganes,273
PassesAccurate,Villarreal,457,Leganes,185
KeyPasses,Villarreal,6,Leganes,5
DribblesAttempted,Villarreal,16,Leganes,7
DribblesPast,Villarreal,2,Leganes,8
DribbleSuccess,Villarreal,50,Leganes,29
OffensiveAerials,Villarreal,15,Leganes,27
DefensiveAerials,Villarreal,27,Leganes,15
AerialsWon,Villarreal,31,Leganes,69
TacklesAttempted,Villarreal,9,Leganes,26
TacklesUnsuccessful,Villarreal,2,Leganes,8
TackleSuccess,Villarreal,78,Leganes,69
Clearances,Villarreal,16,Leganes,31
Interceptions,Villarreal,8,Leganes,19
Errors,Villarreal,0,Leganes,1
Fouls,Villarreal,12,Leganes,15
Offsides,Villarreal,4,Leganes,3
Rating,Real Betis,6.41,Valencia,6.80
TotalShots,Real Betis,23,Valencia,4
Possession,Real Betis,65.8,Valencia,34.2
PassSuccess,Real Betis,89,Valencia,80
DribblesWon,Real Betis,7,Valencia,8
AerialsWon,Real Betis,17,Valencia,7
TackleSuccessful,Real Betis,6,Valencia,10
CornersTotal,Real Betis,8,Valencia,2
Dispossessed,Real Betis,2,Valencia,3
ShotsOnPost,Real Betis,1,Valencia,0
ShotsOnTarget,Real Betis,7,Valencia,3
ShotsOffTarget,Real Betis,7,Valencia,1
ShotsBlocked,Real Betis,9,Valencia,0
Touches,Real Betis,817,Valencia,509
PassesTotal,Real Betis,668,Valencia,351
PassesAccurate,Real Betis,594,Valencia,280
KeyPasses,Real Betis,19,Valencia,4
DribblesAttempted,Real Betis,15,Valencia,11
DribblesPast,Real Betis,8,Valencia,7
DribbleSuccess,Real Betis,47,Valencia,73
OffensiveAerials,Real Betis,12,Valencia,12
DefensiveAerials,Real Betis,12,Valencia,12
AerialsWon,Real Betis,71,Valencia,29
TacklesAttempted,Real Betis,14,Valencia,17
TacklesUnsuccessful,Real Betis,8,Valencia,7
TackleSuccess,Real Betis,43,Valencia,59
Clearances,Real Betis,8,Valencia,34
Interceptions,Real Betis,5,Valencia,12
Errors,Real Betis,0,Valencia,0
Fouls,Real Betis,19,Valencia,13
Offsides,Real Betis,0,Valencia,1
Rating,SD Huesca,7.05,Eibar,6.31
TotalShots,SD Huesca,12,Eibar,8
Possession,SD Huesca,47.4,Eibar,52.6
PassSuccess,SD Huesca,63,Eibar,62
DribblesWon,SD Huesca,4,Eibar,3
AerialsWon,SD Huesca,28,Eibar,33
TackleSuccessful,SD Huesca,14,Eibar,21
CornersTotal,SD Huesca,5,Eibar,3
Dispossessed,SD Huesca,16,Eibar,9
ShotsOnPost,SD Huesca,1,Eibar,0
ShotsOnTarget,SD Huesca,3,Eibar,4
ShotsOffTarget,SD Huesca,5,Eibar,4
ShotsBlocked,SD Huesca,4,Eibar,0
Touches,SD Huesca,544,Eibar,558
PassesTotal,SD Huesca,325,Eibar,357
PassesAccurate,SD Huesca,206,Eibar,223
KeyPasses,SD Huesca,9,Eibar,3
DribblesAttempted,SD Huesca,9,Eibar,8
DribblesPast,SD Huesca,3,Eibar,4
DribbleSuccess,SD Huesca,44,Eibar,38
OffensiveAerials,SD Huesca,29,Eibar,32
DefensiveAerials,SD Huesca,32,Eibar,29
AerialsWon,SD Huesca,46,Eibar,54
TacklesAttempted,SD Huesca,17,Eibar,25
TacklesUnsuccessful,SD Huesca,3,Eibar,4
TackleSuccess,SD Huesca,82,Eibar,84
Clearances,SD Huesca,25,Eibar,23
Interceptions,SD Huesca,9,Eibar,8
Errors,SD Huesca,0,Eibar,0
Fouls,SD Huesca,16,Eibar,16
Offsides,SD Huesca,7,Eibar,3
Rating,Real Valladolid,6.92,Girona,6.36
TotalShots,Real Valladolid,13,Girona,5
Possession,Real Valladolid,50.3,Girona,49.7
PassSuccess,Real Valladolid,77,Girona,79
DribblesWon,Real Valladolid,8,Girona,7
AerialsWon,Real Valladolid,19,Girona,23
TackleSuccessful,Real Valladolid,12,Girona,7
CornersTotal,Real Valladolid,4,Girona,5
Dispossessed,Real Valladolid,6,Girona,3
ShotsOnPost,Real Valladolid,1,Girona,0
ShotsOnTarget,Real Valladolid,4,Girona,0
ShotsOffTarget,Real Valladolid,6,Girona,4
ShotsBlocked,Real Valladolid,3,Girona,1
Touches,Real Valladolid,599,Girona,593
PassesTotal,Real Valladolid,417,Girona,409
PassesAccurate,Real Valladolid,323,Girona,323
KeyPasses,Real Valladolid,11,Girona,5
DribblesAttempted,Real Valladolid,9,Girona,16
DribblesPast,Real Valladolid,7,Girona,8
DribbleSuccess,Real Valladolid,89,Girona,44
OffensiveAerials,Real Valladolid,20,Girona,22
DefensiveAerials,Real Valladolid,22,Girona,20
AerialsWon,Real Valladolid,45,Girona,55
TacklesAttempted,Real Valladolid,19,Girona,15
TacklesUnsuccessful,Real Valladolid,7,Girona,8
TackleSuccess,Real Valladolid,63,Girona,47
Clearances,Real Valladolid,33,Girona,21
Interceptions,Real Valladolid,7,Girona,13
Errors,Real Valladolid,0,Girona,0
Fouls,Real Valladolid,17,Girona,17
Offsides,Real Valladolid,2,Girona,0
Rating,Deportivo Alaves,6.27,Barcelona,7.05
TotalShots,Deportivo Alaves,6,Barcelona,16
Possession,Deportivo Alaves,23.5,Barcelona,76.5
PassSuccess,Deportivo Alaves,70,Barcelona,88
DribblesWon,Deportivo Alaves,7,Barcelona,12
AerialsWon,Deportivo Alaves,13,Barcelona,17
TackleSuccessful,Deportivo Alaves,20,Barcelona,16
CornersTotal,Deportivo Alaves,1,Barcelona,4
Dispossessed,Deportivo Alaves,9,Barcelona,10
ShotsOnPost,Deportivo Alaves,0,Barcelona,0
ShotsOnTarget,Deportivo Alaves,1,Barcelona,6
ShotsOffTarget,Deportivo Alaves,4,Barcelona,5
ShotsBlocked,Deportivo Alaves,1,Barcelona,5
Touches,Deportivo Alaves,396,Barcelona,942
PassesTotal,Deportivo Alaves,228,Barcelona,768
PassesAccurate,Deportivo Alaves,159,Barcelona,675
KeyPasses,Deportivo Alaves,5,Barcelona,12
DribblesAttempted,Deportivo Alaves,14,Barcelona,22
DribblesPast,Deportivo Alaves,12,Barcelona,7
DribbleSuccess,Deportivo Alaves,50,Barcelona,55
OffensiveAerials,Deportivo Alaves,20,Barcelona,10
DefensiveAerials,Deportivo Alaves,10,Barcelona,20
AerialsWon,Deportivo Alaves,43,Barcelona,57
TacklesAttempted,Deportivo Alaves,32,Barcelona,23
TacklesUnsuccessful,Deportivo Alaves,12,Barcelona,7
TackleSuccess,Deportivo Alaves,63,Barcelona,70
Clearances,Deportivo Alaves,20,Barcelona,7
Interceptions,Deportivo Alaves,15,Barcelona,3
Errors,Deportivo Alaves,0,Barcelona,0
Fouls,Deportivo Alaves,19,Barcelona,9
Offsides,Deportivo Alaves,1,Barcelona,1
Rating,Atletico,6.88,Valencia,6.54
TotalShots,Atletico,14,Valencia,12
Possession,Atletico,56.7,Valencia,43.3
PassSuccess,Atletico,86,Valencia,86
DribblesWon,Atletico,8,Valencia,12
AerialsWon,Atletico,10,Valencia,11
TackleSuccessful,Atletico,24,Valencia,10
CornersTotal,Atletico,4,Valencia,3
Dispossessed,Atletico,7,Valencia,12
ShotsOnPost,Atletico,0,Valencia,0
ShotsOnTarget,Atletico,6,Valencia,4
ShotsOffTarget,Atletico,6,Valencia,6
ShotsBlocked,Atletico,2,Valencia,2
Touches,Atletico,716,Valencia,609
PassesTotal,Atletico,565,Valencia,428
PassesAccurate,Atletico,484,Valencia,366
KeyPasses,Atletico,12,Valencia,7
DribblesAttempted,Atletico,11,Valencia,24
DribblesPast,Atletico,12,Valencia,8
DribbleSuccess,Atletico,73,Valencia,50
OffensiveAerials,Atletico,13,Valencia,8
DefensiveAerials,Atletico,8,Valencia,13
AerialsWon,Atletico,48,Valencia,52
TacklesAttempted,Atletico,36,Valencia,18
TacklesUnsuccessful,Atletico,12,Valencia,8
TackleSuccess,Atletico,67,Valencia,56
Clearances,Atletico,19,Valencia,19
Interceptions,Atletico,11,Valencia,12
Errors,Atletico,1,Valencia,1
Fouls,Atletico,17,Valencia,13
Offsides,Atletico,2,Valencia,0
Rating,Espanyol,6.68,Celta Vigo,6.55
TotalShots,Espanyol,9,Celta Vigo,18
Possession,Espanyol,48.1,Celta Vigo,51.9
PassSuccess,Espanyol,81,Celta Vigo,82
DribblesWon,Espanyol,5,Celta Vigo,9
AerialsWon,Espanyol,18,Celta Vigo,8
TackleSuccessful,Espanyol,11,Celta Vigo,9
CornersTotal,Espanyol,2,Celta Vigo,4
Dispossessed,Espanyol,7,Celta Vigo,10
ShotsOnPost,Espanyol,1,Celta Vigo,1
ShotsOnTarget,Espanyol,2,Celta Vigo,6
ShotsOffTarget,Espanyol,6,Celta Vigo,9
ShotsBlocked,Espanyol,1,Celta Vigo,3
Touches,Espanyol,620,Celta Vigo,654
PassesTotal,Espanyol,459,Celta Vigo,484
PassesAccurate,Espanyol,372,Celta Vigo,399
KeyPasses,Espanyol,6,Celta Vigo,10
DribblesAttempted,Espanyol,7,Celta Vigo,10
DribblesPast,Espanyol,9,Celta Vigo,5
DribbleSuccess,Espanyol,71,Celta Vigo,90
OffensiveAerials,Espanyol,13,Celta Vigo,13
DefensiveAerials,Espanyol,13,Celta Vigo,13
AerialsWon,Espanyol,69,Celta Vigo,31
TacklesAttempted,Espanyol,20,Celta Vigo,14
TacklesUnsuccessful,Espanyol,9,Celta Vigo,5
TackleSuccess,Espanyol,55,Celta Vigo,64
Clearances,Espanyol,26,Celta Vigo,16
Interceptions,Espanyol,9,Celta Vigo,6
Errors,Espanyol,0,Celta Vigo,0
Fouls,Espanyol,15,Celta Vigo,8
Offsides,Espanyol,2,Celta Vigo,2
Rating,Leganes,6.42,Athletic Bilbao,6.86
TotalShots,Leganes,14,Athletic Bilbao,3
Possession,Leganes,56.8,Athletic Bilbao,43.2
PassSuccess,Leganes,74,Athletic Bilbao,73
DribblesWon,Leganes,10,Athletic Bilbao,6
AerialsWon,Leganes,33,Athletic Bilbao,32
TackleSuccessful,Leganes,12,Athletic Bilbao,15
CornersTotal,Leganes,2,Athletic Bilbao,2
Dispossessed,Leganes,10,Athletic Bilbao,8
ShotsOnPost,Leganes,0,Athletic Bilbao,0
ShotsOnTarget,Leganes,1,Athletic Bilbao,2
ShotsOffTarget,Leganes,10,Athletic Bilbao,1
ShotsBlocked,Leganes,3,Athletic Bilbao,0
Touches,Leganes,661,Athletic Bilbao,554
PassesTotal,Leganes,468,Athletic Bilbao,364
PassesAccurate,Leganes,344,Athletic Bilbao,264
KeyPasses,Leganes,7,Athletic Bilbao,2
DribblesAttempted,Leganes,15,Athletic Bilbao,10
DribblesPast,Leganes,6,Athletic Bilbao,10
DribbleSuccess,Leganes,67,Athletic Bilbao,60
OffensiveAerials,Leganes,40,Athletic Bilbao,25
DefensiveAerials,Leganes,25,Athletic Bilbao,40
AerialsWon,Leganes,51,Athletic Bilbao,49
TacklesAttempted,Leganes,18,Athletic Bilbao,25
TacklesUnsuccessful,Leganes,6,Athletic Bilbao,10
TackleSuccess,Leganes,67,Athletic Bilbao,60
Clearances,Leganes,16,Athletic Bilbao,45
Interceptions,Leganes,7,Athletic Bilbao,14
Errors,Leganes,0,Athletic Bilbao,0
Fouls,Leganes,11,Athletic Bilbao,14
Offsides,Leganes,2,Athletic Bilbao,0
Rating,Levante,7.15,Real Betis,6.03
TotalShots,Levante,6,Real Betis,7
Possession,Levante,29.9,Real Betis,70.1
PassSuccess,Levante,75,Real Betis,90
DribblesWon,Levante,7,Real Betis,14
AerialsWon,Levante,6,Real Betis,5
TackleSuccessful,Levante,11,Real Betis,20
CornersTotal,Levante,2,Real Betis,4
Dispossessed,Levante,13,Real Betis,3
ShotsOnPost,Levante,0,Real Betis,0
ShotsOnTarget,Levante,4,Real Betis,2
ShotsOffTarget,Levante,2,Real Betis,4
ShotsBlocked,Levante,0,Real Betis,1
Touches,Levante,373,Real Betis,674
PassesTotal,Levante,217,Real Betis,530
PassesAccurate,Levante,163,Real Betis,476
KeyPasses,Levante,2,Real Betis,7
DribblesAttempted,Levante,14,Real Betis,22
DribblesPast,Levante,14,Real Betis,7
DribbleSuccess,Levante,50,Real Betis,64
OffensiveAerials,Levante,7,Real Betis,4
DefensiveAerials,Levante,4,Real Betis,7
AerialsWon,Levante,55,Real Betis,45
TacklesAttempted,Levante,25,Real Betis,27
TacklesUnsuccessful,Levante,14,Real Betis,7
TackleSuccess,Levante,44,Real Betis,74
Clearances,Levante,11,Real Betis,6
Interceptions,Levante,12,Real Betis,13
Errors,Levante,0,Real Betis,0
Fouls,Levante,9,Real Betis,15
Offsides,Levante,7,Real Betis,1
Rating,Sevilla,7.58,Rayo Vallecano,6.23
TotalShots,Sevilla,21,Rayo Vallecano,12
Possession,Sevilla,49.1,Rayo Vallecano,50.9
PassSuccess,Sevilla,74,Rayo Vallecano,82
DribblesWon,Sevilla,15,Rayo Vallecano,14
AerialsWon,Sevilla,12,Rayo Vallecano,17
TackleSuccessful,Sevilla,21,Rayo Vallecano,16
CornersTotal,Sevilla,5,Rayo Vallecano,4
Dispossessed,Sevilla,7,Rayo Vallecano,13
ShotsOnPost,Sevilla,0,Rayo Vallecano,0
ShotsOnTarget,Sevilla,11,Rayo Vallecano,3
ShotsOffTarget,Sevilla,10,Rayo Vallecano,9
ShotsBlocked,Sevilla,0,Rayo Vallecano,0
Touches,Sevilla,583,Rayo Vallecano,614
PassesTotal,Sevilla,381,Rayo Vallecano,401
PassesAccurate,Sevilla,281,Rayo Vallecano,329
KeyPasses,Sevilla,14,Rayo Vallecano,10
DribblesAttempted,Sevilla,24,Rayo Vallecano,22
DribblesPast,Sevilla,14,Rayo Vallecano,15
DribbleSuccess,Sevilla,63,Rayo Vallecano,64
OffensiveAerials,Sevilla,12,Rayo Vallecano,17
DefensiveAerials,Sevilla,17,Rayo Vallecano,12
AerialsWon,Sevilla,41,Rayo Vallecano,59
TacklesAttempted,Sevilla,35,Rayo Vallecano,31
TacklesUnsuccessful,Sevilla,14,Rayo Vallecano,15
TackleSuccess,Sevilla,60,Rayo Vallecano,52
Clearances,Sevilla,14,Rayo Vallecano,16
Interceptions,Sevilla,6,Rayo Vallecano,20
Errors,Sevilla,2,Rayo Vallecano,0
Fouls,Sevilla,10,Rayo Vallecano,12
Offsides,Sevilla,5,Rayo Vallecano,2
Rating,Real Sociedad,6.65,Villarreal,6.92
TotalShots,Real Sociedad,13,Villarreal,8
Possession,Real Sociedad,65.1,Villarreal,34.9
PassSuccess,Real Sociedad,89,Villarreal,77
DribblesWon,Real Sociedad,16,Villarreal,11
AerialsWon,Real Sociedad,15,Villarreal,14
TackleSuccessful,Real Sociedad,15,Villarreal,25
CornersTotal,Real Sociedad,6,Villarreal,3
Dispossessed,Real Sociedad,16,Villarreal,8
ShotsOnPost,Real Sociedad,0,Villarreal,0
ShotsOnTarget,Real Sociedad,2,Villarreal,3
ShotsOffTarget,Real Sociedad,7,Villarreal,4
ShotsBlocked,Real Sociedad,4,Villarreal,1
Touches,Real Sociedad,809,Villarreal,512
PassesTotal,Real Sociedad,606,Villarreal,319
PassesAccurate,Real Sociedad,537,Villarreal,245
KeyPasses,Real Sociedad,13,Villarreal,6
DribblesAttempted,Real Sociedad,25,Villarreal,18
DribblesPast,Real Sociedad,11,Villarreal,16
DribbleSuccess,Real Sociedad,64,Villarreal,61
OffensiveAerials,Real Sociedad,19,Villarreal,10
DefensiveAerials,Real Sociedad,10,Villarreal,19
AerialsWon,Real Sociedad,52,Villarreal,48
TacklesAttempted,Real Sociedad,26,Villarreal,41
TacklesUnsuccessful,Real Sociedad,11,Villarreal,16
TackleSuccess,Real Sociedad,58,Villarreal,61
Clearances,Real Sociedad,16,Villarreal,23
Interceptions,Real Sociedad,13,Villarreal,11
Errors,Real Sociedad,0,Villarreal,0
Fouls,Real Sociedad,11,Villarreal,14
Offsides,Real Sociedad,1,Villarreal,1
Rating,Getafe,6.84,Real Madrid,7.04
TotalShots,Getafe,9,Real Madrid,12
Possession,Getafe,32.6,Real Madrid,67.4
PassSuccess,Getafe,59,Real Madrid,84
DribblesWon,Getafe,13,Real Madrid,22
AerialsWon,Getafe,15,Real Madrid,25
TackleSuccessful,Getafe,20,Real Madrid,17
CornersTotal,Getafe,9,Real Madrid,4
Dispossessed,Getafe,13,Real Madrid,10
ShotsOnPost,Getafe,0,Real Madrid,0
ShotsOnTarget,Getafe,5,Real Madrid,4
ShotsOffTarget,Getafe,1,Real Madrid,4
ShotsBlocked,Getafe,3,Real Madrid,4
Touches,Getafe,467,Real Madrid,775
PassesTotal,Getafe,241,Real Madrid,528
PassesAccurate,Getafe,143,Real Madrid,445
KeyPasses,Getafe,6,Real Madrid,8
DribblesAttempted,Getafe,17,Real Madrid,32
DribblesPast,Getafe,22,Real Madrid,13
DribbleSuccess,Getafe,76,Real Madrid,69
OffensiveAerials,Getafe,32,Real Madrid,8
DefensiveAerials,Getafe,8,Real Madrid,32
AerialsWon,Getafe,38,Real Madrid,63
TacklesAttempted,Getafe,42,Real Madrid,30
TacklesUnsuccessful,Getafe,22,Real Madrid,13
TackleSuccess,Getafe,48,Real Madrid,57
Clearances,Getafe,26,Real Madrid,36
Interceptions,Getafe,10,Real Madrid,8
Errors,Getafe,0,Real Madrid,0
Fouls,Getafe,17,Real Madrid,15
Offsides,Getafe,1,Real Madrid,3
Rating,Athletic Bilbao,6.66,Deportivo Alaves,6.57
TotalShots,Athletic Bilbao,14,Deportivo Alaves,14
Possession,Athletic Bilbao,62,Deportivo Alaves,38
PassSuccess,Athletic Bilbao,78,Deportivo Alaves,66
DribblesWon,Athletic Bilbao,7,Deportivo Alaves,3
AerialsWon,Athletic Bilbao,37,Deportivo Alaves,25
TackleSuccessful,Athletic Bilbao,9,Deportivo Alaves,20
CornersTotal,Athletic Bilbao,8,Deportivo Alaves,6
Dispossessed,Athletic Bilbao,10,Deportivo Alaves,7
ShotsOnPost,Athletic Bilbao,0,Deportivo Alaves,1
ShotsOnTarget,Athletic Bilbao,1,Deportivo Alaves,3
ShotsOffTarget,Athletic Bilbao,9,Deportivo Alaves,4
ShotsBlocked,Athletic Bilbao,4,Deportivo Alaves,7
Touches,Athletic Bilbao,649,Deportivo Alaves,465
PassesTotal,Athletic Bilbao,417,Deportivo Alaves,261
PassesAccurate,Athletic Bilbao,327,Deportivo Alaves,172
KeyPasses,Athletic Bilbao,11,Deportivo Alaves,8
DribblesAttempted,Athletic Bilbao,17,Deportivo Alaves,5
DribblesPast,Athletic Bilbao,3,Deportivo Alaves,7
DribbleSuccess,Athletic Bilbao,41,Deportivo Alaves,60
OffensiveAerials,Athletic Bilbao,29,Deportivo Alaves,33
DefensiveAerials,Athletic Bilbao,33,Deportivo Alaves,29
AerialsWon,Athletic Bilbao,60,Deportivo Alaves,40
TacklesAttempted,Athletic Bilbao,12,Deportivo Alaves,27
TacklesUnsuccessful,Athletic Bilbao,3,Deportivo Alaves,7
TackleSuccess,Athletic Bilbao,75,Deportivo Alaves,74
Clearances,Athletic Bilbao,16,Deportivo Alaves,33
Interceptions,Athletic Bilbao,12,Deportivo Alaves,6
Errors,Athletic Bilbao,0,Deportivo Alaves,0
Fouls,Athletic Bilbao,14,Deportivo Alaves,17
Offsides,Athletic Bilbao,2,Deportivo Alaves,0
Rating,Atletico,6.90,Real Valladolid,6.58
TotalShots,Atletico,13,Real Valladolid,13
Possession,Atletico,58.6,Real Valladolid,41.4
PassSuccess,Atletico,85,Real Valladolid,77
DribblesWon,Atletico,9,Real Valladolid,9
AerialsWon,Atletico,26,Real Valladolid,21
TackleSuccessful,Atletico,15,Real Valladolid,22
CornersTotal,Atletico,7,Real Valladolid,3
Dispossessed,Atletico,15,Real Valladolid,12
ShotsOnPost,Atletico,0,Real Valladolid,1
ShotsOnTarget,Atletico,1,Real Valladolid,4
ShotsOffTarget,Atletico,6,Real Valladolid,7
ShotsBlocked,Atletico,6,Real Valladolid,2
Touches,Atletico,720,Real Valladolid,556
PassesTotal,Atletico,531,Real Valladolid,370
PassesAccurate,Atletico,454,Real Valladolid,284
KeyPasses,Atletico,11,Real Valladolid,10
DribblesAttempted,Atletico,16,Real Valladolid,12
DribblesPast,Atletico,9,Real Valladolid,9
DribbleSuccess,Atletico,56,Real Valladolid,75
OffensiveAerials,Atletico,22,Real Valladolid,25
DefensiveAerials,Atletico,25,Real Valladolid,22
AerialsWon,Atletico,55,Real Valladolid,45
TacklesAttempted,Atletico,24,Real Valladolid,31
TacklesUnsuccessful,Atletico,9,Real Valladolid,9
TackleSuccess,Atletico,63,Real Valladolid,71
Clearances,Atletico,14,Real Valladolid,26
Interceptions,Atletico,14,Real Valladolid,8
Errors,Atletico,0,Real Valladolid,0
Fouls,Atletico,19,Real Valladolid,12
Offsides,Atletico,0,Real Valladolid,0
Rating,Leganes,6.80,Celta Vigo,6.75
TotalShots,Leganes,10,Celta Vigo,8
Possession,Leganes,47.2,Celta Vigo,52.8
PassSuccess,Leganes,74,Celta Vigo,77
DribblesWon,Leganes,7,Celta Vigo,8
AerialsWon,Leganes,28,Celta Vigo,21
TackleSuccessful,Leganes,14,Celta Vigo,13
CornersTotal,Leganes,4,Celta Vigo,6
Dispossessed,Leganes,3,Celta Vigo,10
ShotsOnPost,Leganes,0,Celta Vigo,0
ShotsOnTarget,Leganes,1,Celta Vigo,2
ShotsOffTarget,Leganes,7,Celta Vigo,4
ShotsBlocked,Leganes,2,Celta Vigo,2
Touches,Leganes,561,Celta Vigo,611
PassesTotal,Leganes,369,Celta Vigo,422
PassesAccurate,Leganes,273,Celta Vigo,323
KeyPasses,Leganes,10,Celta Vigo,7
DribblesAttempted,Leganes,17,Celta Vigo,12
DribblesPast,Leganes,8,Celta Vigo,7
DribbleSuccess,Leganes,41,Celta Vigo,67
OffensiveAerials,Leganes,30,Celta Vigo,19
DefensiveAerials,Leganes,19,Celta Vigo,30
AerialsWon,Leganes,57,Celta Vigo,43
TacklesAttempted,Leganes,22,Celta Vigo,20
TacklesUnsuccessful,Leganes,8,Celta Vigo,7
TackleSuccess,Leganes,64,Celta Vigo,65
Clearances,Leganes,28,Celta Vigo,31
Interceptions,Leganes,10,Celta Vigo,8
Errors,Leganes,0,Celta Vigo,0
Fouls,Leganes,16,Celta Vigo,5
Offsides,Leganes,1,Celta Vigo,1
Rating,Barcelona,7.14,Levante,6.49
TotalShots,Barcelona,23,Levante,7
Possession,Barcelona,62.2,Levante,37.8
PassSuccess,Barcelona,87,Levante,79
DribblesWon,Barcelona,20,Levante,10
AerialsWon,Barcelona,4,Levante,8
TackleSuccessful,Barcelona,19,Levante,15
CornersTotal,Barcelona,6,Levante,3
Dispossessed,Barcelona,6,Levante,10
ShotsOnPost,Barcelona,1,Levante,1
ShotsOnTarget,Barcelona,12,Levante,2
ShotsOffTarget,Barcelona,7,Levante,3
ShotsBlocked,Barcelona,4,Levante,2
Touches,Barcelona,801,Levante,551
PassesTotal,Barcelona,609,Levante,356
PassesAccurate,Barcelona,530,Levante,283
KeyPasses,Barcelona,20,Levante,4
DribblesAttempted,Barcelona,29,Levante,19
DribblesPast,Barcelona,10,Levante,20
DribbleSuccess,Barcelona,69,Levante,53
OffensiveAerials,Barcelona,5,Levante,7
DefensiveAerials,Barcelona,7,Levante,5
AerialsWon,Barcelona,33,Levante,67
TacklesAttempted,Barcelona,29,Levante,35
TacklesUnsuccessful,Barcelona,10,Levante,20
TackleSuccess,Barcelona,66,Levante,43
Clearances,Barcelona,14,Levante,16
Interceptions,Barcelona,5,Levante,8
Errors,Barcelona,0,Levante,0
Fouls,Barcelona,17,Levante,12
Offsides,Barcelona,1,Levante,0
Rating,Valencia,6.41,Eibar,6.92
TotalShots,Valencia,7,Eibar,13
Possession,Valencia,48.8,Eibar,51.2
PassSuccess,Valencia,77,Eibar,75
DribblesWon,Valencia,5,Eibar,5
AerialsWon,Valencia,28,Eibar,22
TackleSuccessful,Valencia,16,Eibar,22
CornersTotal,Valencia,7,Eibar,6
Dispossessed,Valencia,17,Eibar,11
ShotsOnPost,Valencia,0,Eibar,0
ShotsOnTarget,Valencia,2,Eibar,3
ShotsOffTarget,Valencia,3,Eibar,7
ShotsBlocked,Valencia,2,Eibar,3
Touches,Valencia,617,Eibar,625
PassesTotal,Valencia,411,Eibar,435
PassesAccurate,Valencia,318,Eibar,327
KeyPasses,Valencia,5,Eibar,11
DribblesAttempted,Valencia,10,Eibar,10
DribblesPast,Valencia,5,Eibar,5
DribbleSuccess,Valencia,50,Eibar,50
OffensiveAerials,Valencia,15,Eibar,35
DefensiveAerials,Valencia,35,Eibar,15
AerialsWon,Valencia,56,Eibar,44
TacklesAttempted,Valencia,21,Eibar,27
TacklesUnsuccessful,Valencia,5,Eibar,5
TackleSuccess,Valencia,76,Eibar,81
Clearances,Valencia,18,Eibar,18
Interceptions,Valencia,16,Eibar,14
Errors,Valencia,1,Eibar,0
Fouls,Valencia,10,Eibar,15
Offsides,Valencia,6,Eibar,1
Rating,Girona,7.15,Sevilla,6.44
TotalShots,Girona,15,Sevilla,7
Possession,Girona,43,Sevilla,57
PassSuccess,Girona,75,Sevilla,81
DribblesWon,Girona,9,Sevilla,13
AerialsWon,Girona,28,Sevilla,24
TackleSuccessful,Girona,29,Sevilla,15
CornersTotal,Girona,3,Sevilla,6
Dispossessed,Girona,11,Sevilla,22
ShotsOnPost,Girona,1,Sevilla,0
ShotsOnTarget,Girona,4,Sevilla,3
ShotsOffTarget,Girona,9,Sevilla,2
ShotsBlocked,Girona,2,Sevilla,2
Touches,Girona,587,Sevilla,723
PassesTotal,Girona,375,Sevilla,505
PassesAccurate,Girona,283,Sevilla,411
KeyPasses,Girona,11,Sevilla,3
DribblesAttempted,Girona,13,Sevilla,20
DribblesPast,Girona,13,Sevilla,9
DribbleSuccess,Girona,69,Sevilla,65
OffensiveAerials,Girona,30,Sevilla,22
DefensiveAerials,Girona,22,Sevilla,30
AerialsWon,Girona,54,Sevilla,46
TacklesAttempted,Girona,42,Sevilla,24
TacklesUnsuccessful,Girona,13,Sevilla,9
TackleSuccess,Girona,69,Sevilla,63
Clearances,Girona,19,Sevilla,19
Interceptions,Girona,10,Sevilla,14
Errors,Girona,0,Sevilla,0
Fouls,Girona,12,Sevilla,18
Offsides,Girona,5,Sevilla,0
Rating,Real Sociedad,6.94,Getafe,6.39
TotalShots,Real Sociedad,11,Getafe,12
Possession,Real Sociedad,50.4,Getafe,49.6
PassSuccess,Real Sociedad,70,Getafe,63
DribblesWon,Real Sociedad,8,Getafe,6
AerialsWon,Real Sociedad,35,Getafe,15
TackleSuccessful,Real Sociedad,11,Getafe,17
CornersTotal,Real Sociedad,5,Getafe,7
Dispossessed,Real Sociedad,9,Getafe,4
ShotsOnPost,Real Sociedad,0,Getafe,0
ShotsOnTarget,Real Sociedad,7,Getafe,3
ShotsOffTarget,Real Sociedad,3,Getafe,2
ShotsBlocked,Real Sociedad,1,Getafe,7
Touches,Real Sociedad,612,Getafe,572
PassesTotal,Real Sociedad,400,Getafe,379
PassesAccurate,Real Sociedad,281,Getafe,240
KeyPasses,Real Sociedad,9,Getafe,6
DribblesAttempted,Real Sociedad,16,Getafe,13
DribblesPast,Real Sociedad,6,Getafe,8
DribbleSuccess,Real Sociedad,50,Getafe,46
OffensiveAerials,Real Sociedad,16,Getafe,34
DefensiveAerials,Real Sociedad,34,Getafe,16
AerialsWon,Real Sociedad,70,Getafe,30
TacklesAttempted,Real Sociedad,17,Getafe,25
TacklesUnsuccessful,Real Sociedad,6,Getafe,8
TackleSuccess,Real Sociedad,65,Getafe,68
Clearances,Real Sociedad,44,Getafe,11
Interceptions,Real Sociedad,8,Getafe,11
Errors,Real Sociedad,0,Getafe,1
Fouls,Real Sociedad,17,Getafe,14
Offsides,Real Sociedad,3,Getafe,1
Rating,Villarreal,6.70,SD Huesca,6.78
TotalShots,Villarreal,18,SD Huesca,14
Possession,Villarreal,46.7,SD Huesca,53.3
PassSuccess,Villarreal,77,SD Huesca,77
DribblesWon,Villarreal,11,SD Huesca,11
AerialsWon,Villarreal,22,SD Huesca,22
TackleSuccessful,Villarreal,22,SD Huesca,31
CornersTotal,Villarreal,0,SD Huesca,1
Dispossessed,Villarreal,18,SD Huesca,15
ShotsOnPost,Villarreal,0,SD Huesca,0
ShotsOnTarget,Villarreal,5,SD Huesca,3
ShotsOffTarget,Villarreal,9,SD Huesca,8
ShotsBlocked,Villarreal,4,SD Huesca,3
Touches,Villarreal,629,SD Huesca,666
PassesTotal,Villarreal,397,SD Huesca,438
PassesAccurate,Villarreal,304,SD Huesca,336
KeyPasses,Villarreal,10,SD Huesca,12
DribblesAttempted,Villarreal,24,SD Huesca,18
DribblesPast,Villarreal,11,SD Huesca,11
DribbleSuccess,Villarreal,46,SD Huesca,61
OffensiveAerials,Villarreal,20,SD Huesca,24
DefensiveAerials,Villarreal,24,SD Huesca,20
AerialsWon,Villarreal,50,SD Huesca,50
TacklesAttempted,Villarreal,33,SD Huesca,42
TacklesUnsuccessful,Villarreal,11,SD Huesca,11
TackleSuccess,Villarreal,67,SD Huesca,74
Clearances,Villarreal,31,SD Huesca,18
Interceptions,Villarreal,7,SD Huesca,11
Errors,Villarreal,0,SD Huesca,0
Fouls,Villarreal,15,SD Huesca,22
Offsides,Villarreal,1,SD Huesca,3
Rating,Rayo Vallecano,6.84,Real Madrid,6.56
TotalShots,Rayo Vallecano,12,Real Madrid,9
Possession,Rayo Vallecano,48.8,Real Madrid,51.2
PassSuccess,Rayo Vallecano,81,Real Madrid,82
DribblesWon,Rayo Vallecano,13,Real Madrid,13
AerialsWon,Rayo Vallecano,19,Real Madrid,13
TackleSuccessful,Rayo Vallecano,15,Real Madrid,22
CornersTotal,Rayo Vallecano,6,Real Madrid,6
Dispossessed,Rayo Vallecano,13,Real Madrid,8
ShotsOnPost,Rayo Vallecano,0,Real Madrid,0
ShotsOnTarget,Rayo Vallecano,5,Real Madrid,3
ShotsOffTarget,Rayo Vallecano,3,Real Madrid,3
ShotsBlocked,Rayo Vallecano,4,Real Madrid,3
Touches,Rayo Vallecano,574,Real Madrid,613
PassesTotal,Rayo Vallecano,377,Real Madrid,401
PassesAccurate,Rayo Vallecano,305,Real Madrid,329
KeyPasses,Rayo Vallecano,7,Real Madrid,8
DribblesAttempted,Rayo Vallecano,22,Real Madrid,20
DribblesPast,Rayo Vallecano,13,Real Madrid,13
DribbleSuccess,Rayo Vallecano,59,Real Madrid,65
OffensiveAerials,Rayo Vallecano,15,Real Madrid,17
DefensiveAerials,Rayo Vallecano,17,Real Madrid,15
AerialsWon,Rayo Vallecano,59,Real Madrid,41
TacklesAttempted,Rayo Vallecano,28,Real Madrid,35
TacklesUnsuccessful,Rayo Vallecano,13,Real Madrid,13
TackleSuccess,Rayo Vallecano,54,Real Madrid,63
Clearances,Rayo Vallecano,14,Real Madrid,17
Interceptions,Rayo Vallecano,6,Real Madrid,7
Errors,Rayo Vallecano,0,Real Madrid,1
Fouls,Rayo Vallecano,21,Real Madrid,6
Offsides,Rayo Vallecano,3,Real Madrid,6
Rating,Real Betis,6.70,Espanyol,6.56
TotalShots,Real Betis,18,Espanyol,10
Possession,Real Betis,53.5,Espanyol,46.5
PassSuccess,Real Betis,85,Espanyol,82
DribblesWon,Real Betis,18,Espanyol,6
AerialsWon,Real Betis,15,Espanyol,16
TackleSuccessful,Real Betis,11,Espanyol,11
CornersTotal,Real Betis,6,Espanyol,5
Dispossessed,Real Betis,3,Espanyol,6
ShotsOnPost,Real Betis,0,Espanyol,0
ShotsOnTarget,Real Betis,5,Espanyol,4
ShotsOffTarget,Real Betis,8,Espanyol,6
ShotsBlocked,Real Betis,5,Espanyol,0
Touches,Real Betis,635,Espanyol,579
PassesTotal,Real Betis,460,Espanyol,405
PassesAccurate,Real Betis,390,Espanyol,333
KeyPasses,Real Betis,15,Espanyol,6
DribblesAttempted,Real Betis,26,Espanyol,11
DribblesPast,Real Betis,6,Espanyol,18
DribbleSuccess,Real Betis,69,Espanyol,55
OffensiveAerials,Real Betis,12,Espanyol,19
DefensiveAerials,Real Betis,19,Espanyol,12
AerialsWon,Real Betis,48,Espanyol,52
TacklesAttempted,Real Betis,17,Espanyol,29
TacklesUnsuccessful,Real Betis,6,Espanyol,18
TackleSuccess,Real Betis,65,Espanyol,38
Clearances,Real Betis,12,Espanyol,27
Interceptions,Real Betis,2,Espanyol,6
Errors,Real Betis,1,Espanyol,0
Fouls,Real Betis,16,Espanyol,14
Offsides,Real Betis,1,Espanyol,2
