Rating,Arsenal,7.00,Newcastle,6.24
TotalShots,Arsenal,7,Newcastle,3
Possession,Arsenal,70.6,Newcastle,29.4
PassSuccess,Arsenal,86,Newcastle,65
DribblesWon,Arsenal,6,Newcastle,5
AerialsWon,Arsenal,21,Newcastle,16
TackleSuccessful,Arsenal,13,Newcastle,17
CornersTotal,Arsenal,6,Newcastle,2
Dispossessed,Arsenal,7,Newcastle,10
ShotsOnPost,Arsenal,0,Newcastle,0
ShotsOnTarget,Arsenal,4,Newcastle,1
ShotsOffTarget,Arsenal,1,Newcastle,2
ShotsBlocked,Arsenal,2,Newcastle,0
Touches,Arsenal,882,Newcastle,468
PassesTotal,Arsenal,700,Newcastle,285
PassesAccurate,Arsenal,600,Newcastle,186
KeyPasses,Arsenal,6,Newcastle,2
DribblesAttempted,Arsenal,16,Newcastle,8
DribblesPast,Arsenal,5,Newcastle,6
DribbleSuccess,Arsenal,38,Newcastle,63
OffensiveAerials,Arsenal,15,Newcastle,22
DefensiveAerials,Arsenal,22,Newcastle,15
AerialsWon,Arsenal,57,Newcastle,43
TacklesAttempted,Arsenal,18,Newcastle,23
TacklesUnsuccessful,Arsenal,5,Newcastle,6
TackleSuccess,Arsenal,72,Newcastle,74
Clearances,Arsenal,17,Newcastle,23
Interceptions,Arsenal,9,Newcastle,18
Errors,Arsenal,0,Newcastle,1
Fouls,Arsenal,11,Newcastle,10
Offsides,Arsenal,2,Newcastle,2
Rating,Watford,7.17,Fulham,6.62
TotalShots,Watford,15,Fulham,17
Possession,Watford,46.6,Fulham,53.4
PassSuccess,Watford,81,Fulham,87
DribblesWon,Watford,11,Fulham,14
AerialsWon,Watford,14,Fulham,21
TackleSuccessful,Watford,22,Fulham,18
CornersTotal,Watford,6,Fulham,4
Dispossessed,Watford,7,Fulham,13
ShotsOnPost,Watford,0,Fulham,0
ShotsOnTarget,Watford,7,Fulham,7
ShotsOffTarget,Watford,1,Fulham,3
ShotsBlocked,Watford,7,Fulham,7
Touches,Watford,653,Fulham,756
PassesTotal,Watford,462,Fulham,531
PassesAccurate,Watford,376,Fulham,460
KeyPasses,Watford,12,Fulham,15
DribblesAttempted,Watford,22,Fulham,23
DribblesPast,Watford,14,Fulham,11
DribbleSuccess,Watford,50,Fulham,61
OffensiveAerials,Watford,21,Fulham,14
DefensiveAerials,Watford,14,Fulham,21
AerialsWon,Watford,40,Fulham,60
TacklesAttempted,Watford,36,Fulham,29
TacklesUnsuccessful,Watford,14,Fulham,11
TackleSuccess,Watford,61,Fulham,62
Clearances,Watford,15,Fulham,24
Interceptions,Watford,9,Fulham,8
Errors,Watford,1,Fulham,0
Fouls,Watford,12,Fulham,5
Offsides,Watford,2,Fulham,0
Rating,Wolves,6.86,Man Utd,6.26
TotalShots,Wolves,9,Man Utd,18
Possession,Wolves,49.8,Man Utd,50.2
PassSuccess,Wolves,82,Man Utd,81
DribblesWon,Wolves,9,Man Utd,8
AerialsWon,Wolves,21,Man Utd,23
TackleSuccessful,Wolves,17,Man Utd,14
CornersTotal,Wolves,3,Man Utd,5
Dispossessed,Wolves,8,Man Utd,8
ShotsOnPost,Wolves,1,Man Utd,0
ShotsOnTarget,Wolves,2,Man Utd,4
ShotsOffTarget,Wolves,5,Man Utd,7
ShotsBlocked,Wolves,2,Man Utd,7
Touches,Wolves,683,Man Utd,680
PassesTotal,Wolves,510,Man Utd,515
PassesAccurate,Wolves,417,Man Utd,417
KeyPasses,Wolves,8,Man Utd,13
DribblesAttempted,Wolves,15,Man Utd,17
DribblesPast,Wolves,8,Man Utd,9
DribbleSuccess,Wolves,60,Man Utd,47
OffensiveAerials,Wolves,16,Man Utd,28
DefensiveAerials,Wolves,28,Man Utd,16
AerialsWon,Wolves,48,Man Utd,52
TacklesAttempted,Wolves,25,Man Utd,23
TacklesUnsuccessful,Wolves,8,Man Utd,9
TackleSuccess,Wolves,68,Man Utd,61
Clearances,Wolves,25,Man Utd,11
Interceptions,Wolves,14,Man Utd,6
Errors,Wolves,0,Man Utd,2
Fouls,Wolves,5,Man Utd,11
Offsides,Wolves,4,Man Utd,5
Rating,Chelsea,7.30,Brighton,6.17
TotalShots,Chelsea,17,Brighton,3
Possession,Chelsea,68.3,Brighton,31.7
PassSuccess,Chelsea,91,Brighton,80
DribblesWon,Chelsea,10,Brighton,8
AerialsWon,Chelsea,17,Brighton,15
TackleSuccessful,Chelsea,19,Brighton,17
CornersTotal,Chelsea,7,Brighton,1
Dispossessed,Chelsea,12,Brighton,13
ShotsOnPost,Chelsea,0,Brighton,0
ShotsOnTarget,Chelsea,4,Brighton,1
ShotsOffTarget,Chelsea,8,Brighton,2
ShotsBlocked,Chelsea,5,Brighton,0
Touches,Chelsea,926,Brighton,530
PassesTotal,Chelsea,753,Brighton,350
PassesAccurate,Chelsea,685,Brighton,279
KeyPasses,Chelsea,14,Brighton,3
DribblesAttempted,Chelsea,15,Brighton,14
DribblesPast,Chelsea,8,Brighton,10
DribbleSuccess,Chelsea,67,Brighton,57
OffensiveAerials,Chelsea,13,Brighton,19
DefensiveAerials,Chelsea,19,Brighton,13
AerialsWon,Chelsea,53,Brighton,47
TacklesAttempted,Chelsea,27,Brighton,27
TacklesUnsuccessful,Chelsea,8,Brighton,10
TackleSuccess,Chelsea,70,Brighton,63
Clearances,Chelsea,8,Brighton,24
Interceptions,Chelsea,8,Brighton,15
Errors,Chelsea,0,Brighton,1
Fouls,Chelsea,5,Brighton,9
Offsides,Chelsea,0,Brighton,2
Rating,Man City,7.53,Cardiff,6.34
TotalShots,Man City,27,Cardiff,4
Possession,Man City,78.8,Cardiff,21.2
PassSuccess,Man City,91,Cardiff,66
DribblesWon,Man City,14,Cardiff,10
AerialsWon,Man City,13,Cardiff,14
TackleSuccessful,Man City,11,Cardiff,14
CornersTotal,Man City,17,Cardiff,4
Dispossessed,Man City,5,Cardiff,5
ShotsOnPost,Man City,1,Cardiff,0
ShotsOnTarget,Man City,11,Cardiff,1
ShotsOffTarget,Man City,14,Cardiff,2
ShotsBlocked,Man City,2,Cardiff,1
Touches,Man City,846,Cardiff,326
PassesTotal,Man City,676,Cardiff,185
PassesAccurate,Man City,618,Cardiff,123
KeyPasses,Man City,22,Cardiff,3
DribblesAttempted,Man City,23,Cardiff,16
DribblesPast,Man City,10,Cardiff,14
DribbleSuccess,Man City,61,Cardiff,63
OffensiveAerials,Man City,9,Cardiff,18
DefensiveAerials,Man City,18,Cardiff,9
AerialsWon,Man City,48,Cardiff,52
TacklesAttempted,Man City,21,Cardiff,28
TacklesUnsuccessful,Man City,10,Cardiff,14
TackleSuccess,Man City,52,Cardiff,50
Clearances,Man City,8,Cardiff,28
Interceptions,Man City,8,Cardiff,10
Errors,Man City,0,Cardiff,1
Fouls,Man City,3,Cardiff,7
Offsides,Man City,1,Cardiff,1
Rating,Tottenham,7.25,Crystal Palace,6.43
TotalShots,Tottenham,26,Crystal Palace,5
Possession,Tottenham,65.3,Crystal Palace,34.7
PassSuccess,Tottenham,87,Crystal Palace,76
DribblesWon,Tottenham,17,Crystal Palace,9
AerialsWon,Tottenham,22,Crystal Palace,12
TackleSuccessful,Tottenham,16,Crystal Palace,17
CornersTotal,Tottenham,8,Crystal Palace,2
Dispossessed,Tottenham,11,Crystal Palace,5
ShotsOnPost,Tottenham,0,Crystal Palace,0
ShotsOnTarget,Tottenham,10,Crystal Palace,1
ShotsOffTarget,Tottenham,9,Crystal Palace,4
ShotsBlocked,Tottenham,7,Crystal Palace,0
Touches,Tottenham,894,Crystal Palace,568
PassesTotal,Tottenham,687,Crystal Palace,364
PassesAccurate,Tottenham,595,Crystal Palace,278
KeyPasses,Tottenham,17,Crystal Palace,4
DribblesAttempted,Tottenham,23,Crystal Palace,20
DribblesPast,Tottenham,9,Crystal Palace,17
DribbleSuccess,Tottenham,74,Crystal Palace,45
OffensiveAerials,Tottenham,21,Crystal Palace,13
DefensiveAerials,Tottenham,13,Crystal Palace,21
AerialsWon,Tottenham,65,Crystal Palace,35
TacklesAttempted,Tottenham,25,Crystal Palace,34
TacklesUnsuccessful,Tottenham,9,Crystal Palace,17
TackleSuccess,Tottenham,64,Crystal Palace,50
Clearances,Tottenham,9,Crystal Palace,26
Interceptions,Tottenham,7,Crystal Palace,17
Errors,Tottenham,0,Crystal Palace,1
Fouls,Tottenham,8,Crystal Palace,5
Offsides,Tottenham,0,Crystal Palace,4
Rating,Southampton,6.44,Liverpool,6.92
TotalShots,Southampton,11,Liverpool,17
Possession,Southampton,33,Liverpool,67
PassSuccess,Southampton,64,Liverpool,82
DribblesWon,Southampton,5,Liverpool,6
AerialsWon,Southampton,30,Liverpool,22
TackleSuccessful,Southampton,16,Liverpool,11
CornersTotal,Southampton,7,Liverpool,5
Dispossessed,Southampton,8,Liverpool,9
ShotsOnPost,Southampton,0,Liverpool,0
ShotsOnTarget,Southampton,1,Liverpool,5
ShotsOffTarget,Southampton,6,Liverpool,7
ShotsBlocked,Southampton,4,Liverpool,5
Touches,Southampton,465,Liverpool,758
PassesTotal,Southampton,272,Liverpool,565
PassesAccurate,Southampton,175,Liverpool,465
KeyPasses,Southampton,8,Liverpool,12
DribblesAttempted,Southampton,8,Liverpool,13
DribblesPast,Southampton,6,Liverpool,5
DribbleSuccess,Southampton,63,Liverpool,46
OffensiveAerials,Southampton,26,Liverpool,26
DefensiveAerials,Southampton,26,Liverpool,26
AerialsWon,Southampton,58,Liverpool,42
TacklesAttempted,Southampton,22,Liverpool,16
TacklesUnsuccessful,Southampton,6,Liverpool,5
TackleSuccess,Southampton,73,Liverpool,69
Clearances,Southampton,37,Liverpool,17
Interceptions,Southampton,12,Liverpool,9
Errors,Southampton,0,Liverpool,0
Fouls,Southampton,8,Liverpool,7
Offsides,Southampton,3,Liverpool,3
Rating,Newcastle,6.53,Crystal Palace,6.93
TotalShots,Newcastle,18,Crystal Palace,3
Possession,Newcastle,53.8,Crystal Palace,46.2
PassSuccess,Newcastle,83,Crystal Palace,76
DribblesWon,Newcastle,6,Crystal Palace,5
AerialsWon,Newcastle,19,Crystal Palace,29
TackleSuccessful,Newcastle,18,Crystal Palace,16
CornersTotal,Newcastle,9,Crystal Palace,4
Dispossessed,Newcastle,10,Crystal Palace,13
ShotsOnPost,Newcastle,0,Crystal Palace,0
ShotsOnTarget,Newcastle,5,Crystal Palace,1
ShotsOffTarget,Newcastle,9,Crystal Palace,2
ShotsBlocked,Newcastle,4,Crystal Palace,0
Touches,Newcastle,643,Crystal Palace,584
PassesTotal,Newcastle,436,Crystal Palace,392
PassesAccurate,Newcastle,362,Crystal Palace,297
KeyPasses,Newcastle,13,Crystal Palace,2
DribblesAttempted,Newcastle,12,Crystal Palace,10
DribblesPast,Newcastle,5,Crystal Palace,6
DribbleSuccess,Newcastle,50,Crystal Palace,50
OffensiveAerials,Newcastle,25,Crystal Palace,23
DefensiveAerials,Newcastle,23,Crystal Palace,25
AerialsWon,Newcastle,40,Crystal Palace,60
TacklesAttempted,Newcastle,23,Crystal Palace,22
TacklesUnsuccessful,Newcastle,5,Crystal Palace,6
TackleSuccess,Newcastle,78,Crystal Palace,73
Clearances,Newcastle,12,Crystal Palace,39
Interceptions,Newcastle,15,Crystal Palace,8
Errors,Newcastle,0,Crystal Palace,1
Fouls,Newcastle,12,Crystal Palace,13
Offsides,Newcastle,2,Crystal Palace,4
Rating,Huddersfield,6.17,Leicester,7.15
TotalShots,Huddersfield,10,Leicester,18
Possession,Huddersfield,44.8,Leicester,55.2
PassSuccess,Huddersfield,76,Leicester,82
DribblesWon,Huddersfield,5,Leicester,15
AerialsWon,Huddersfield,16,Leicester,16
TackleSuccessful,Huddersfield,17,Leicester,16
CornersTotal,Huddersfield,8,Leicester,5
Dispossessed,Huddersfield,11,Leicester,13
ShotsOnPost,Huddersfield,0,Leicester,0
ShotsOnTarget,Huddersfield,4,Leicester,9
ShotsOffTarget,Huddersfield,3,Leicester,7
ShotsBlocked,Huddersfield,3,Leicester,2
Touches,Huddersfield,554,Leicester,676
PassesTotal,Huddersfield,369,Leicester,467
PassesAccurate,Huddersfield,279,Leicester,383
KeyPasses,Huddersfield,6,Leicester,12
DribblesAttempted,Huddersfield,10,Leicester,19
DribblesPast,Huddersfield,15,Leicester,5
DribbleSuccess,Huddersfield,50,Leicester,79
OffensiveAerials,Huddersfield,18,Leicester,14
DefensiveAerials,Huddersfield,14,Leicester,18
AerialsWon,Huddersfield,50,Leicester,50
TacklesAttempted,Huddersfield,32,Leicester,21
TacklesUnsuccessful,Huddersfield,15,Leicester,5
TackleSuccess,Huddersfield,53,Leicester,76
Clearances,Huddersfield,12,Leicester,19
Interceptions,Huddersfield,14,Leicester,12
Errors,Huddersfield,0,Leicester,1
Fouls,Huddersfield,13,Leicester,11
Offsides,Huddersfield,2,Leicester,3
Rating,Bournemouth,6.14,Burnley,6.96
TotalShots,Bournemouth,10,Burnley,10
Possession,Bournemouth,59.9,Burnley,40.1
PassSuccess,Bournemouth,78,Burnley,69
DribblesWon,Bournemouth,8,Burnley,6
AerialsWon,Bournemouth,35,Burnley,28
TackleSuccessful,Bournemouth,6,Burnley,12
CornersTotal,Bournemouth,3,Burnley,6
Dispossessed,Bournemouth,6,Burnley,5
ShotsOnPost,Bournemouth,0,Burnley,0
ShotsOnTarget,Bournemouth,2,Burnley,3
ShotsOffTarget,Bournemouth,5,Burnley,4
ShotsBlocked,Bournemouth,3,Burnley,3
Touches,Bournemouth,640,Burnley,463
PassesTotal,Bournemouth,441,Burnley,284
PassesAccurate,Bournemouth,343,Burnley,195
KeyPasses,Bournemouth,7,Burnley,7
DribblesAttempted,Bournemouth,14,Burnley,7
DribblesPast,Bournemouth,6,Burnley,8
DribbleSuccess,Bournemouth,57,Burnley,86
OffensiveAerials,Bournemouth,24,Burnley,39
DefensiveAerials,Bournemouth,39,Burnley,24
AerialsWon,Bournemouth,56,Burnley,44
TacklesAttempted,Bournemouth,12,Burnley,20
TacklesUnsuccessful,Bournemouth,6,Burnley,8
TackleSuccess,Bournemouth,50,Burnley,60
Clearances,Bournemouth,35,Burnley,20
Interceptions,Bournemouth,6,Burnley,4
Errors,Bournemouth,3,Burnley,0
Fouls,Bournemouth,12,Burnley,16
Offsides,Bournemouth,2,Burnley,5
Rating,Everton,6.95,Arsenal,6.56
TotalShots,Everton,23,Arsenal,7
Possession,Everton,42.9,Arsenal,57.1
PassSuccess,Everton,78,Arsenal,80
DribblesWon,Everton,8,Arsenal,14
AerialsWon,Everton,22,Arsenal,17
TackleSuccessful,Everton,19,Arsenal,21
CornersTotal,Everton,9,Arsenal,6
Dispossessed,Everton,13,Arsenal,10
ShotsOnPost,Everton,0,Arsenal,0
ShotsOnTarget,Everton,6,Arsenal,2
ShotsOffTarget,Everton,9,Arsenal,3
ShotsBlocked,Everton,8,Arsenal,2
Touches,Everton,594,Arsenal,717
PassesTotal,Everton,381,Arsenal,513
PassesAccurate,Everton,299,Arsenal,411
KeyPasses,Everton,14,Arsenal,5
DribblesAttempted,Everton,16,Arsenal,23
DribblesPast,Everton,14,Arsenal,8
DribbleSuccess,Everton,50,Arsenal,61
OffensiveAerials,Everton,21,Arsenal,18
DefensiveAerials,Everton,18,Arsenal,21
AerialsWon,Everton,56,Arsenal,44
TacklesAttempted,Everton,33,Arsenal,29
TacklesUnsuccessful,Everton,14,Arsenal,8
TackleSuccess,Everton,58,Arsenal,72
Clearances,Everton,21,Arsenal,23
Interceptions,Everton,14,Arsenal,9
Errors,Everton,1,Arsenal,1
Fouls,Everton,8,Arsenal,9
Offsides,Everton,3,Arsenal,2
Rating,Chelsea,7.16,West Ham,6.39
TotalShots,Chelsea,16,West Ham,9
Possession,Chelsea,54,West Ham,46
PassSuccess,Chelsea,85,West Ham,77
DribblesWon,Chelsea,18,West Ham,7
AerialsWon,Chelsea,11,West Ham,11
TackleSuccessful,Chelsea,12,West Ham,24
CornersTotal,Chelsea,7,West Ham,4
Dispossessed,Chelsea,11,West Ham,6
ShotsOnPost,Chelsea,0,West Ham,0
ShotsOnTarget,Chelsea,7,West Ham,2
ShotsOffTarget,Chelsea,6,West Ham,3
ShotsBlocked,Chelsea,3,West Ham,4
Touches,Chelsea,685,West Ham,591
PassesTotal,Chelsea,485,West Ham,406
PassesAccurate,Chelsea,411,West Ham,311
KeyPasses,Chelsea,14,West Ham,6
DribblesAttempted,Chelsea,31,West Ham,13
DribblesPast,Chelsea,7,West Ham,18
DribbleSuccess,Chelsea,58,West Ham,54
OffensiveAerials,Chelsea,9,West Ham,13
DefensiveAerials,Chelsea,13,West Ham,9
AerialsWon,Chelsea,50,West Ham,50
TacklesAttempted,Chelsea,19,West Ham,42
TacklesUnsuccessful,Chelsea,7,West Ham,18
TackleSuccess,Chelsea,63,West Ham,57
Clearances,Chelsea,9,West Ham,16
Interceptions,Chelsea,12,West Ham,12
Errors,Chelsea,0,West Ham,0
Fouls,Chelsea,8,West Ham,7
Offsides,Chelsea,3,West Ham,1
Rating,Leicester,6.59,Newcastle,7.21
TotalShots,Leicester,12,Newcastle,11
Possession,Leicester,71.7,Newcastle,28.3
PassSuccess,Leicester,84,Newcastle,64
DribblesWon,Leicester,8,Newcastle,8
AerialsWon,Leicester,29,Newcastle,20
TackleSuccessful,Leicester,13,Newcastle,21
CornersTotal,Leicester,2,Newcastle,3
Dispossessed,Leicester,11,Newcastle,7
ShotsOnPost,Leicester,0,Newcastle,1
ShotsOnTarget,Leicester,5,Newcastle,5
ShotsOffTarget,Leicester,6,Newcastle,5
ShotsBlocked,Leicester,1,Newcastle,1
Touches,Leicester,973,Newcastle,510
PassesTotal,Leicester,773,Newcastle,303
PassesAccurate,Leicester,650,Newcastle,193
KeyPasses,Leicester,11,Newcastle,7
DribblesAttempted,Leicester,18,Newcastle,14
DribblesPast,Leicester,8,Newcastle,8
DribbleSuccess,Leicester,44,Newcastle,57
OffensiveAerials,Leicester,19,Newcastle,30
DefensiveAerials,Leicester,30,Newcastle,19
AerialsWon,Leicester,59,Newcastle,41
TacklesAttempted,Leicester,21,Newcastle,29
TacklesUnsuccessful,Leicester,8,Newcastle,8
TackleSuccess,Leicester,62,Newcastle,72
Clearances,Leicester,12,Newcastle,33
Interceptions,Leicester,12,Newcastle,22
Errors,Leicester,1,Newcastle,0
Fouls,Leicester,6,Newcastle,10
Offsides,Leicester,3,Newcastle,4
Rating,Tottenham,7.56,Huddersfield,6.01
TotalShots,Tottenham,22,Huddersfield,7
Possession,Tottenham,70,Huddersfield,30
PassSuccess,Tottenham,87,Huddersfield,73
DribblesWon,Tottenham,14,Huddersfield,11
AerialsWon,Tottenham,20,Huddersfield,13
TackleSuccessful,Tottenham,16,Huddersfield,13
CornersTotal,Tottenham,4,Huddersfield,2
Dispossessed,Tottenham,8,Huddersfield,9
ShotsOnPost,Tottenham,1,Huddersfield,0
ShotsOnTarget,Tottenham,5,Huddersfield,1
ShotsOffTarget,Tottenham,8,Huddersfield,5
ShotsBlocked,Tottenham,9,Huddersfield,1
Touches,Tottenham,901,Huddersfield,480
PassesTotal,Tottenham,738,Huddersfield,305
PassesAccurate,Tottenham,643,Huddersfield,222
KeyPasses,Tottenham,17,Huddersfield,5
DribblesAttempted,Tottenham,19,Huddersfield,18
DribblesPast,Tottenham,11,Huddersfield,14
DribbleSuccess,Tottenham,74,Huddersfield,61
OffensiveAerials,Tottenham,15,Huddersfield,18
DefensiveAerials,Tottenham,18,Huddersfield,15
AerialsWon,Tottenham,61,Huddersfield,39
TacklesAttempted,Tottenham,27,Huddersfield,27
TacklesUnsuccessful,Tottenham,11,Huddersfield,14
TackleSuccess,Tottenham,59,Huddersfield,48
Clearances,Tottenham,12,Huddersfield,15
Interceptions,Tottenham,4,Huddersfield,16
Errors,Tottenham,0,Huddersfield,0
Fouls,Tottenham,10,Huddersfield,12
Offsides,Tottenham,1,Huddersfield,0
Rating,Southampton,7.08,Wolves,6.48
TotalShots,Southampton,12,Wolves,17
Possession,Southampton,30.7,Wolves,69.3
PassSuccess,Southampton,64,Wolves,81
DribblesWon,Southampton,11,Wolves,13
AerialsWon,Southampton,21,Wolves,27
TackleSuccessful,Southampton,23,Wolves,17
CornersTotal,Southampton,4,Wolves,9
Dispossessed,Southampton,14,Wolves,11
ShotsOnPost,Southampton,0,Wolves,0
ShotsOnTarget,Southampton,6,Wolves,2
ShotsOffTarget,Southampton,4,Wolves,8
ShotsBlocked,Southampton,2,Wolves,7
Touches,Southampton,487,Wolves,844
PassesTotal,Southampton,281,Wolves,625
PassesAccurate,Southampton,180,Wolves,505
KeyPasses,Southampton,6,Wolves,8
DribblesAttempted,Southampton,14,Wolves,25
DribblesPast,Southampton,13,Wolves,11
DribbleSuccess,Southampton,79,Wolves,52
OffensiveAerials,Southampton,28,Wolves,20
DefensiveAerials,Southampton,20,Wolves,28
AerialsWon,Southampton,44,Wolves,56
TacklesAttempted,Southampton,36,Wolves,28
TacklesUnsuccessful,Southampton,13,Wolves,11
TackleSuccess,Southampton,64,Wolves,61
Clearances,Southampton,35,Wolves,16
Interceptions,Southampton,14,Wolves,15
Errors,Southampton,0,Wolves,1
Fouls,Southampton,13,Wolves,8
Offsides,Southampton,0,Wolves,2
Rating,Fulham,7.15,Everton,6.43
TotalShots,Fulham,12,Everton,9
Possession,Fulham,40.6,Everton,59.4
PassSuccess,Fulham,73,Everton,76
DribblesWon,Fulham,12,Everton,9
AerialsWon,Fulham,30,Everton,29
TackleSuccessful,Fulham,20,Everton,28
CornersTotal,Fulham,7,Everton,3
Dispossessed,Fulham,23,Everton,11
ShotsOnPost,Fulham,1,Everton,1
ShotsOnTarget,Fulham,5,Everton,1
ShotsOffTarget,Fulham,7,Everton,6
ShotsBlocked,Fulham,0,Everton,2
Touches,Fulham,567,Everton,709
PassesTotal,Fulham,343,Everton,496
PassesAccurate,Fulham,250,Everton,376
KeyPasses,Fulham,11,Everton,8
DribblesAttempted,Fulham,17,Everton,18
DribblesPast,Fulham,9,Everton,12
DribbleSuccess,Fulham,71,Everton,50
OffensiveAerials,Fulham,26,Everton,33
DefensiveAerials,Fulham,33,Everton,26
AerialsWon,Fulham,51,Everton,49
TacklesAttempted,Fulham,29,Everton,40
TacklesUnsuccessful,Fulham,9,Everton,12
TackleSuccess,Fulham,69,Everton,70
Clearances,Fulham,25,Everton,13
Interceptions,Fulham,8,Everton,8
Errors,Fulham,0,Everton,0
Fouls,Fulham,8,Everton,10
Offsides,Fulham,1,Everton,1
Rating,Brighton,5.74,Bournemouth,7.73
TotalShots,Brighton,8,Bournemouth,14
Possession,Brighton,50.1,Bournemouth,49.9
PassSuccess,Brighton,79,Bournemouth,80
DribblesWon,Brighton,5,Bournemouth,8
AerialsWon,Brighton,17,Bournemouth,21
TackleSuccessful,Brighton,19,Bournemouth,22
CornersTotal,Brighton,4,Bournemouth,1
Dispossessed,Brighton,12,Bournemouth,10
ShotsOnPost,Brighton,0,Bournemouth,0
ShotsOnTarget,Brighton,1,Bournemouth,7
ShotsOffTarget,Brighton,3,Bournemouth,4
ShotsBlocked,Brighton,4,Bournemouth,3
Touches,Brighton,645,Bournemouth,664
PassesTotal,Brighton,470,Bournemouth,480
PassesAccurate,Brighton,369,Bournemouth,382
KeyPasses,Brighton,5,Bournemouth,13
DribblesAttempted,Brighton,15,Bournemouth,17
DribblesPast,Brighton,8,Bournemouth,5
DribbleSuccess,Brighton,33,Bournemouth,47
OffensiveAerials,Brighton,29,Bournemouth,9
DefensiveAerials,Brighton,9,Bournemouth,29
AerialsWon,Brighton,45,Bournemouth,55
TacklesAttempted,Brighton,27,Bournemouth,27
TacklesUnsuccessful,Brighton,8,Bournemouth,5
TackleSuccess,Brighton,70,Bournemouth,81
Clearances,Brighton,7,Bournemouth,21
Interceptions,Brighton,9,Bournemouth,16
Errors,Brighton,1,Bournemouth,0
Fouls,Brighton,10,Bournemouth,6
Offsides,Brighton,1,Bournemouth,0
Rating,Burnley,7.47,Cardiff,6.44
TotalShots,Burnley,14,Cardiff,14
Possession,Burnley,46,Cardiff,54
PassSuccess,Burnley,62,Cardiff,66
DribblesWon,Burnley,11,Cardiff,5
AerialsWon,Burnley,34,Cardiff,38
TackleSuccessful,Burnley,15,Cardiff,9
CornersTotal,Burnley,8,Cardiff,4
Dispossessed,Burnley,3,Cardiff,10
ShotsOnPost,Burnley,1,Cardiff,1
ShotsOnTarget,Burnley,7,Cardiff,2
ShotsOffTarget,Burnley,6,Cardiff,7
ShotsBlocked,Burnley,1,Cardiff,5
Touches,Burnley,496,Cardiff,522
PassesTotal,Burnley,280,Cardiff,349
PassesAccurate,Burnley,173,Cardiff,232
KeyPasses,Burnley,10,Cardiff,10
DribblesAttempted,Burnley,17,Cardiff,10
DribblesPast,Burnley,5,Cardiff,11
DribbleSuccess,Burnley,65,Cardiff,50
OffensiveAerials,Burnley,35,Cardiff,37
DefensiveAerials,Burnley,37,Cardiff,35
AerialsWon,Burnley,47,Cardiff,53
TacklesAttempted,Burnley,20,Cardiff,20
TacklesUnsuccessful,Burnley,5,Cardiff,11
TackleSuccess,Burnley,75,Cardiff,45
Clearances,Burnley,23,Cardiff,25
Interceptions,Burnley,4,Cardiff,15
Errors,Burnley,0,Cardiff,0
Fouls,Burnley,7,Cardiff,10
Offsides,Burnley,3,Cardiff,0
Rating,Man Utd,6.81,West Ham,6.62
TotalShots,Man Utd,14,West Ham,18
Possession,Man Utd,42.3,West Ham,57.7
PassSuccess,Man Utd,77,West Ham,80
DribblesWon,Man Utd,7,West Ham,11
AerialsWon,Man Utd,20,West Ham,22
TackleSuccessful,Man Utd,21,West Ham,17
CornersTotal,Man Utd,3,West Ham,11
Dispossessed,Man Utd,8,West Ham,10
ShotsOnPost,Man Utd,0,West Ham,1
ShotsOnTarget,Man Utd,4,West Ham,4
ShotsOffTarget,Man Utd,5,West Ham,6
ShotsBlocked,Man Utd,5,West Ham,8
Touches,Man Utd,578,West Ham,728
PassesTotal,Man Utd,373,West Ham,519
PassesAccurate,Man Utd,288,West Ham,416
KeyPasses,Man Utd,8,West Ham,13
DribblesAttempted,Man Utd,16,West Ham,22
DribblesPast,Man Utd,11,West Ham,7
DribbleSuccess,Man Utd,44,West Ham,50
OffensiveAerials,Man Utd,18,West Ham,24
DefensiveAerials,Man Utd,24,West Ham,18
AerialsWon,Man Utd,48,West Ham,52
TacklesAttempted,Man Utd,32,West Ham,24
TacklesUnsuccessful,Man Utd,11,West Ham,7
TackleSuccess,Man Utd,66,West Ham,71
Clearances,Man Utd,25,West Ham,19
Interceptions,Man Utd,11,West Ham,12
Errors,Man Utd,1,West Ham,1
Fouls,Man Utd,14,West Ham,5
Offsides,Man Utd,3,West Ham,3
Rating,Crystal Palace,6.55,Man City,7.17
TotalShots,Crystal Palace,7,Man City,20
Possession,Crystal Palace,27.6,Man City,72.4
PassSuccess,Crystal Palace,71,Man City,90
DribblesWon,Crystal Palace,10,Man City,16
AerialsWon,Crystal Palace,17,Man City,14
TackleSuccessful,Crystal Palace,22,Man City,22
CornersTotal,Crystal Palace,2,Man City,9
Dispossessed,Crystal Palace,16,Man City,13
ShotsOnPost,Crystal Palace,0,Man City,0
ShotsOnTarget,Crystal Palace,3,Man City,6
ShotsOffTarget,Crystal Palace,2,Man City,7
ShotsBlocked,Crystal Palace,2,Man City,7
Touches,Crystal Palace,486,Man City,934
PassesTotal,Crystal Palace,274,Man City,721
PassesAccurate,Crystal Palace,195,Man City,650
KeyPasses,Crystal Palace,4,Man City,15
DribblesAttempted,Crystal Palace,16,Man City,25
DribblesPast,Crystal Palace,16,Man City,10
DribbleSuccess,Crystal Palace,63,Man City,64
OffensiveAerials,Crystal Palace,16,Man City,15
DefensiveAerials,Crystal Palace,15,Man City,16
AerialsWon,Crystal Palace,55,Man City,45
TacklesAttempted,Crystal Palace,38,Man City,32
TacklesUnsuccessful,Crystal Palace,16,Man City,10
TackleSuccess,Crystal Palace,58,Man City,69
Clearances,Crystal Palace,32,Man City,17
Interceptions,Crystal Palace,17,Man City,8
Errors,Crystal Palace,0,Man City,0
Fouls,Crystal Palace,5,Man City,11
Offsides,Crystal Palace,1,Man City,2
Rating,Liverpool,7.15,Chelsea,6.59
TotalShots,Liverpool,15,Chelsea,6
Possession,Liverpool,61.8,Chelsea,38.2
PassSuccess,Liverpool,86,Chelsea,80
DribblesWon,Liverpool,8,Chelsea,17
AerialsWon,Liverpool,14,Chelsea,7
TackleSuccessful,Liverpool,19,Chelsea,30
CornersTotal,Liverpool,9,Chelsea,2
Dispossessed,Liverpool,15,Chelsea,13
ShotsOnPost,Liverpool,0,Chelsea,1
ShotsOnTarget,Liverpool,7,Chelsea,3
ShotsOffTarget,Liverpool,3,Chelsea,2
ShotsBlocked,Liverpool,5,Chelsea,1
Touches,Liverpool,863,Chelsea,618
PassesTotal,Liverpool,646,Chelsea,401
PassesAccurate,Liverpool,557,Chelsea,322
KeyPasses,Liverpool,14,Chelsea,5
DribblesAttempted,Liverpool,23,Chelsea,23
DribblesPast,Liverpool,17,Chelsea,8
DribbleSuccess,Liverpool,35,Chelsea,74
OffensiveAerials,Liverpool,12,Chelsea,9
DefensiveAerials,Liverpool,9,Chelsea,12
AerialsWon,Liverpool,67,Chelsea,33
TacklesAttempted,Liverpool,36,Chelsea,38
TacklesUnsuccessful,Liverpool,17,Chelsea,8
TackleSuccess,Liverpool,53,Chelsea,79
Clearances,Liverpool,14,Chelsea,32
Interceptions,Liverpool,13,Chelsea,10
Errors,Liverpool,0,Chelsea,1
Fouls,Liverpool,5,Chelsea,9
Offsides,Liverpool,2,Chelsea,2
Rating,Watford,6.32,Arsenal,7.01
TotalShots,Watford,11,Arsenal,19
Possession,Watford,34.1,Arsenal,65.9
PassSuccess,Watford,71,Arsenal,87
DribblesWon,Watford,7,Arsenal,3
AerialsWon,Watford,14,Arsenal,14
TackleSuccessful,Watford,13,Arsenal,12
CornersTotal,Watford,6,Arsenal,4
Dispossessed,Watford,8,Arsenal,7
ShotsOnPost,Watford,1,Arsenal,0
ShotsOnTarget,Watford,3,Arsenal,5
ShotsOffTarget,Watford,3,Arsenal,6
ShotsBlocked,Watford,5,Arsenal,8
Touches,Watford,513,Arsenal,839
PassesTotal,Watford,327,Arsenal,660
PassesAccurate,Watford,233,Arsenal,573
KeyPasses,Watford,7,Arsenal,16
DribblesAttempted,Watford,11,Arsenal,9
DribblesPast,Watford,3,Arsenal,7
DribbleSuccess,Watford,64,Arsenal,33
OffensiveAerials,Watford,18,Arsenal,10
DefensiveAerials,Watford,10,Arsenal,18
AerialsWon,Watford,50,Arsenal,50
TacklesAttempted,Watford,16,Arsenal,19
TacklesUnsuccessful,Watford,3,Arsenal,7
TackleSuccess,Watford,81,Arsenal,63
Clearances,Watford,15,Arsenal,22
Interceptions,Watford,13,Arsenal,15
Errors,Watford,1,Arsenal,0
Fouls,Watford,12,Arsenal,8
Offsides,Watford,2,Arsenal,4
Rating,Brighton,6.45,Cardiff,7.37
TotalShots,Brighton,14,Cardiff,10
Possession,Brighton,63.9,Cardiff,36.1
PassSuccess,Brighton,78,Cardiff,61
DribblesWon,Brighton,10,Cardiff,11
AerialsWon,Brighton,41,Cardiff,34
TackleSuccessful,Brighton,18,Cardiff,29
CornersTotal,Brighton,5,Cardiff,4
Dispossessed,Brighton,16,Cardiff,13
ShotsOnPost,Brighton,1,Cardiff,0
ShotsOnTarget,Brighton,2,Cardiff,3
ShotsOffTarget,Brighton,8,Cardiff,3
ShotsBlocked,Brighton,4,Cardiff,4
Touches,Brighton,745,Cardiff,522
PassesTotal,Brighton,520,Cardiff,302
PassesAccurate,Brighton,403,Cardiff,185
KeyPasses,Brighton,11,Cardiff,9
DribblesAttempted,Brighton,23,Cardiff,16
DribblesPast,Brighton,11,Cardiff,10
DribbleSuccess,Brighton,43,Cardiff,69
OffensiveAerials,Brighton,35,Cardiff,40
DefensiveAerials,Brighton,40,Cardiff,35
AerialsWon,Brighton,55,Cardiff,45
TacklesAttempted,Brighton,29,Cardiff,39
TacklesUnsuccessful,Brighton,11,Cardiff,10
TackleSuccess,Brighton,62,Cardiff,74
Clearances,Brighton,16,Cardiff,32
Interceptions,Brighton,8,Cardiff,24
Errors,Brighton,0,Cardiff,0
Fouls,Brighton,11,Cardiff,13
Offsides,Brighton,2,Cardiff,0
Rating,Man City,7.03,Tottenham,6.45
TotalShots,Man City,15,Tottenham,10
Possession,Man City,60.7,Tottenham,39.3
PassSuccess,Man City,87,Tottenham,75
DribblesWon,Man City,15,Tottenham,10
AerialsWon,Man City,16,Tottenham,14
TackleSuccessful,Man City,15,Tottenham,26
CornersTotal,Man City,4,Tottenham,4
Dispossessed,Man City,17,Tottenham,8
ShotsOnPost,Man City,0,Tottenham,0
ShotsOnTarget,Man City,4,Tottenham,4
ShotsOffTarget,Man City,6,Tottenham,3
ShotsBlocked,Man City,5,Tottenham,3
Touches,Man City,794,Tottenham,564
PassesTotal,Man City,582,Tottenham,379
PassesAccurate,Man City,509,Tottenham,284
KeyPasses,Man City,12,Tottenham,7
DribblesAttempted,Man City,24,Tottenham,17
DribblesPast,Man City,10,Tottenham,15
DribbleSuccess,Man City,63,Tottenham,59
OffensiveAerials,Man City,9,Tottenham,21
DefensiveAerials,Man City,21,Tottenham,9
AerialsWon,Man City,53,Tottenham,47
TacklesAttempted,Man City,25,Tottenham,41
TacklesUnsuccessful,Man City,10,Tottenham,15
TackleSuccess,Man City,60,Tottenham,63
Clearances,Man City,11,Tottenham,19
Interceptions,Man City,10,Tottenham,11
Errors,Man City,1,Tottenham,2
Fouls,Man City,11,Tottenham,11
Offsides,Man City,2,Tottenham,2
Rating,Huddersfield,6.48,Watford,6.62
TotalShots,Huddersfield,13,Watford,11
Possession,Huddersfield,45.7,Watford,54.3
PassSuccess,Huddersfield,81,Watford,83
DribblesWon,Huddersfield,7,Watford,5
AerialsWon,Huddersfield,12,Watford,10
TackleSuccessful,Huddersfield,15,Watford,16
CornersTotal,Huddersfield,2,Watford,2
Dispossessed,Huddersfield,11,Watford,11
ShotsOnPost,Huddersfield,0,Watford,0
ShotsOnTarget,Huddersfield,3,Watford,6
ShotsOffTarget,Huddersfield,5,Watford,4
ShotsBlocked,Huddersfield,5,Watford,1
Touches,Huddersfield,561,Watford,630
PassesTotal,Huddersfield,378,Watford,459
PassesAccurate,Huddersfield,306,Watford,381
KeyPasses,Huddersfield,8,Watford,5
DribblesAttempted,Huddersfield,12,Watford,9
DribblesPast,Huddersfield,5,Watford,7
DribbleSuccess,Huddersfield,58,Watford,56
OffensiveAerials,Huddersfield,12,Watford,10
DefensiveAerials,Huddersfield,10,Watford,12
AerialsWon,Huddersfield,55,Watford,45
TacklesAttempted,Huddersfield,20,Watford,23
TacklesUnsuccessful,Huddersfield,5,Watford,7
TackleSuccess,Huddersfield,75,Watford,70
Clearances,Huddersfield,17,Watford,14
Interceptions,Huddersfield,12,Watford,7
Errors,Huddersfield,1,Watford,1
Fouls,Huddersfield,15,Watford,9
Offsides,Huddersfield,1,Watford,2
Rating,West Ham,6.68,Leicester,6.83
TotalShots,West Ham,11,Leicester,11
Possession,West Ham,49.3,Leicester,50.7
PassSuccess,West Ham,80,Leicester,82
DribblesWon,West Ham,14,Leicester,16
AerialsWon,West Ham,9,Leicester,15
TackleSuccessful,West Ham,19,Leicester,27
CornersTotal,West Ham,6,Leicester,8
Dispossessed,West Ham,16,Leicester,8
ShotsOnPost,West Ham,1,Leicester,0
ShotsOnTarget,West Ham,3,Leicester,5
ShotsOffTarget,West Ham,5,Leicester,5
ShotsBlocked,West Ham,3,Leicester,1
Touches,West Ham,617,Leicester,634
PassesTotal,West Ham,410,Leicester,425
PassesAccurate,West Ham,328,Leicester,348
KeyPasses,West Ham,10,Leicester,10
DribblesAttempted,West Ham,25,Leicester,27
DribblesPast,West Ham,16,Leicester,14
DribbleSuccess,West Ham,56,Leicester,59
OffensiveAerials,West Ham,14,Leicester,10
DefensiveAerials,West Ham,10,Leicester,14
AerialsWon,West Ham,38,Leicester,63
TacklesAttempted,West Ham,35,Leicester,41
TacklesUnsuccessful,West Ham,16,Leicester,14
TackleSuccess,West Ham,54,Leicester,66
Clearances,West Ham,20,Leicester,24
Interceptions,West Ham,10,Leicester,8
Errors,West Ham,0,Leicester,1
Fouls,West Ham,8,Leicester,9
Offsides,West Ham,1,Leicester,2
Rating,Wolves,6.84,Brighton,6.92
TotalShots,Wolves,23,Brighton,5
Possession,Wolves,68.2,Brighton,31.8
PassSuccess,Wolves,89,Brighton,73
DribblesWon,Wolves,9,Brighton,5
AerialsWon,Wolves,22,Brighton,26
TackleSuccessful,Wolves,12,Brighton,24
CornersTotal,Wolves,14,Brighton,1
Dispossessed,Wolves,15,Brighton,5
ShotsOnPost,Wolves,2,Brighton,0
ShotsOnTarget,Wolves,5,Brighton,0
ShotsOffTarget,Wolves,14,Brighton,4
ShotsBlocked,Wolves,4,Brighton,1
Touches,Wolves,818,Brighton,468
PassesTotal,Wolves,615,Brighton,297
PassesAccurate,Wolves,546,Brighton,216
KeyPasses,Wolves,18,Brighton,4
DribblesAttempted,Wolves,18,Brighton,12
DribblesPast,Wolves,5,Brighton,9
DribbleSuccess,Wolves,50,Brighton,42
OffensiveAerials,Wolves,27,Brighton,21
DefensiveAerials,Wolves,21,Brighton,27
AerialsWon,Wolves,46,Brighton,54
TacklesAttempted,Wolves,17,Brighton,33
TacklesUnsuccessful,Wolves,5,Brighton,9
TackleSuccess,Wolves,71,Brighton,73
Clearances,Wolves,9,Brighton,37
Interceptions,Wolves,6,Brighton,9
Errors,Wolves,0,Brighton,1
Fouls,Wolves,0,Brighton,8
Offsides,Wolves,0,Brighton,1
Rating,Bournemouth,6.60,Fulham,7.02
TotalShots,Bournemouth,15,Fulham,17
Possession,Bournemouth,49,Fulham,51
PassSuccess,Bournemouth,83,Fulham,83
DribblesWon,Bournemouth,7,Fulham,9
AerialsWon,Bournemouth,20,Fulham,21
TackleSuccessful,Bournemouth,21,Fulham,14
CornersTotal,Bournemouth,3,Fulham,7
Dispossessed,Bournemouth,6,Fulham,12
ShotsOnPost,Bournemouth,0,Fulham,0
ShotsOnTarget,Bournemouth,5,Fulham,5
ShotsOffTarget,Bournemouth,6,Fulham,6
ShotsBlocked,Bournemouth,4,Fulham,6
Touches,Bournemouth,636,Fulham,643
PassesTotal,Bournemouth,445,Fulham,457
PassesAccurate,Bournemouth,370,Fulham,378
KeyPasses,Bournemouth,10,Fulham,13
DribblesAttempted,Bournemouth,15,Fulham,18
DribblesPast,Bournemouth,9,Fulham,7
DribbleSuccess,Bournemouth,47,Fulham,50
OffensiveAerials,Bournemouth,17,Fulham,24
DefensiveAerials,Bournemouth,24,Fulham,17
AerialsWon,Bournemouth,49,Fulham,51
TacklesAttempted,Bournemouth,30,Fulham,21
TacklesUnsuccessful,Bournemouth,9,Fulham,7
TackleSuccess,Bournemouth,70,Fulham,67
Clearances,Bournemouth,20,Fulham,12
Interceptions,Bournemouth,7,Fulham,14
Errors,Bournemouth,1,Fulham,0
Fouls,Bournemouth,11,Fulham,18
Offsides,Bournemouth,1,Fulham,0
Rating,Newcastle,7.21,Southampton,6.39
TotalShots,Newcastle,15,Southampton,15
Possession,Newcastle,43.4,Southampton,56.6
PassSuccess,Newcastle,63,Southampton,76
DribblesWon,Newcastle,11,Southampton,10
AerialsWon,Newcastle,36,Southampton,19
TackleSuccessful,Newcastle,22,Southampton,14
CornersTotal,Newcastle,4,Southampton,11
Dispossessed,Newcastle,12,Southampton,18
ShotsOnPost,Newcastle,1,Southampton,0
ShotsOnTarget,Newcastle,6,Southampton,3
ShotsOffTarget,Newcastle,4,Southampton,7
ShotsBlocked,Newcastle,5,Southampton,5
Touches,Newcastle,537,Southampton,632
PassesTotal,Newcastle,320,Southampton,417
PassesAccurate,Newcastle,200,Southampton,317
KeyPasses,Newcastle,8,Southampton,12
DribblesAttempted,Newcastle,13,Southampton,14
DribblesPast,Newcastle,10,Southampton,11
DribbleSuccess,Newcastle,85,Southampton,71
OffensiveAerials,Newcastle,27,Southampton,28
DefensiveAerials,Newcastle,28,Southampton,27
AerialsWon,Newcastle,65,Southampton,35
TacklesAttempted,Newcastle,32,Southampton,25
TacklesUnsuccessful,Newcastle,10,Southampton,11
TackleSuccess,Newcastle,69,Southampton,56
Clearances,Newcastle,30,Southampton,18
Interceptions,Newcastle,14,Southampton,14
Errors,Newcastle,0,Southampton,0
Fouls,Newcastle,5,Southampton,11
Offsides,Newcastle,0,Southampton,2
Rating,Everton,7.41,Man Utd,6.11
TotalShots,Everton,15,Man Utd,7
Possession,Everton,48.3,Man Utd,51.7
PassSuccess,Everton,79,Man Utd,79
DribblesWon,Everton,3,Man Utd,7
AerialsWon,Everton,21,Man Utd,25
TackleSuccessful,Everton,17,Man Utd,12
CornersTotal,Everton,10,Man Utd,2
Dispossessed,Everton,7,Man Utd,13
ShotsOnPost,Everton,0,Man Utd,0
ShotsOnTarget,Everton,8,Man Utd,1
ShotsOffTarget,Everton,3,Man Utd,5
ShotsBlocked,Everton,4,Man Utd,1
Touches,Everton,583,Man Utd,607
PassesTotal,Everton,383,Man Utd,417
PassesAccurate,Everton,304,Man Utd,329
KeyPasses,Everton,11,Man Utd,4
DribblesAttempted,Everton,8,Man Utd,11
DribblesPast,Everton,7,Man Utd,3
DribbleSuccess,Everton,38,Man Utd,64
OffensiveAerials,Everton,26,Man Utd,20
DefensiveAerials,Everton,20,Man Utd,26
AerialsWon,Everton,46,Man Utd,54
TacklesAttempted,Everton,24,Man Utd,15
TacklesUnsuccessful,Everton,7,Man Utd,3
TackleSuccess,Everton,71,Man Utd,80
Clearances,Everton,24,Man Utd,21
Interceptions,Everton,13,Man Utd,8
Errors,Everton,0,Man Utd,0
Fouls,Everton,11,Man Utd,7
Offsides,Everton,1,Man Utd,1
Rating,Cardiff,6.26,Liverpool,7.20
TotalShots,Cardiff,7,Liverpool,17
Possession,Cardiff,23.9,Liverpool,76.1
PassSuccess,Cardiff,55,Liverpool,86
DribblesWon,Cardiff,8,Liverpool,12
AerialsWon,Cardiff,17,Liverpool,26
TackleSuccessful,Cardiff,15,Liverpool,15
CornersTotal,Cardiff,5,Liverpool,10
Dispossessed,Cardiff,10,Liverpool,10
ShotsOnPost,Cardiff,0,Liverpool,0
ShotsOnTarget,Cardiff,2,Liverpool,6
ShotsOffTarget,Cardiff,2,Liverpool,8
ShotsBlocked,Cardiff,3,Liverpool,3
Touches,Cardiff,352,Liverpool,798
PassesTotal,Cardiff,193,Liverpool,619
PassesAccurate,Cardiff,106,Liverpool,535
KeyPasses,Cardiff,6,Liverpool,14
DribblesAttempted,Cardiff,13,Liverpool,17
DribblesPast,Cardiff,12,Liverpool,8
DribbleSuccess,Cardiff,62,Liverpool,71
OffensiveAerials,Cardiff,28,Liverpool,15
DefensiveAerials,Cardiff,15,Liverpool,28
AerialsWon,Cardiff,40,Liverpool,60
TacklesAttempted,Cardiff,27,Liverpool,23
TacklesUnsuccessful,Cardiff,12,Liverpool,8
TackleSuccess,Cardiff,56,Liverpool,65
Clearances,Cardiff,29,Liverpool,17
Interceptions,Cardiff,7,Liverpool,8
Errors,Cardiff,0,Liverpool,0
Fouls,Cardiff,6,Liverpool,5
Offsides,Cardiff,4,Liverpool,2
Rating,Arsenal,6.59,Crystal Palace,7.11
TotalShots,Arsenal,12,Crystal Palace,16
Possession,Arsenal,72.6,Crystal Palace,27.4
PassSuccess,Arsenal,89,Crystal Palace,68
DribblesWon,Arsenal,17,Crystal Palace,8
AerialsWon,Arsenal,10,Crystal Palace,14
TackleSuccessful,Arsenal,15,Crystal Palace,27
CornersTotal,Arsenal,8,Crystal Palace,3
Dispossessed,Arsenal,20,Crystal Palace,10
ShotsOnPost,Arsenal,0,Crystal Palace,0
ShotsOnTarget,Arsenal,5,Crystal Palace,7
ShotsOffTarget,Arsenal,5,Crystal Palace,5
ShotsBlocked,Arsenal,2,Crystal Palace,4
Touches,Arsenal,881,Crystal Palace,465
PassesTotal,Arsenal,656,Crystal Palace,249
PassesAccurate,Arsenal,583,Crystal Palace,169
KeyPasses,Arsenal,9,Crystal Palace,15
DribblesAttempted,Arsenal,24,Crystal Palace,13
DribblesPast,Arsenal,8,Crystal Palace,17
DribbleSuccess,Arsenal,71,Crystal Palace,62
OffensiveAerials,Arsenal,8,Crystal Palace,16
DefensiveAerials,Arsenal,16,Crystal Palace,8
AerialsWon,Arsenal,42,Crystal Palace,58
TacklesAttempted,Arsenal,23,Crystal Palace,44
TacklesUnsuccessful,Arsenal,8,Crystal Palace,17
TackleSuccess,Arsenal,65,Crystal Palace,61
Clearances,Arsenal,6,Crystal Palace,30
Interceptions,Arsenal,10,Crystal Palace,14
Errors,Arsenal,1,Crystal Palace,0
Fouls,Arsenal,15,Crystal Palace,12
Offsides,Arsenal,1,Crystal Palace,2
Rating,Chelsea,6.83,Burnley,7.01
TotalShots,Chelsea,22,Burnley,6
Possession,Chelsea,76.4,Burnley,23.6
PassSuccess,Chelsea,88,Burnley,60
DribblesWon,Chelsea,12,Burnley,5
AerialsWon,Chelsea,25,Burnley,18
TackleSuccessful,Chelsea,15,Burnley,15
CornersTotal,Chelsea,10,Burnley,1
Dispossessed,Chelsea,8,Burnley,11
ShotsOnPost,Chelsea,0,Burnley,0
ShotsOnTarget,Chelsea,9,Burnley,3
ShotsOffTarget,Chelsea,8,Burnley,2
ShotsBlocked,Chelsea,5,Burnley,1
Touches,Chelsea,899,Burnley,426
PassesTotal,Chelsea,681,Burnley,219
PassesAccurate,Chelsea,597,Burnley,131
KeyPasses,Chelsea,16,Burnley,4
DribblesAttempted,Chelsea,19,Burnley,9
DribblesPast,Chelsea,5,Burnley,12
DribbleSuccess,Chelsea,63,Burnley,56
OffensiveAerials,Chelsea,15,Burnley,28
DefensiveAerials,Chelsea,28,Burnley,15
AerialsWon,Chelsea,58,Burnley,42
TacklesAttempted,Chelsea,20,Burnley,27
TacklesUnsuccessful,Chelsea,5,Burnley,12
TackleSuccess,Chelsea,75,Burnley,56
Clearances,Chelsea,12,Burnley,48
Interceptions,Chelsea,3,Burnley,15
Errors,Chelsea,0,Burnley,1
Fouls,Chelsea,9,Burnley,4
Offsides,Chelsea,1,Burnley,2
Rating,Tottenham,7.00,Brighton,6.56
TotalShots,Tottenham,29,Brighton,6
Possession,Tottenham,78.5,Brighton,21.5
PassSuccess,Tottenham,88,Brighton,52
DribblesWon,Tottenham,8,Brighton,5
AerialsWon,Tottenham,23,Brighton,25
TackleSuccessful,Tottenham,15,Brighton,18
CornersTotal,Tottenham,6,Brighton,3
Dispossessed,Tottenham,9,Brighton,11
ShotsOnPost,Tottenham,1,Brighton,0
ShotsOnTarget,Tottenham,5,Brighton,1
ShotsOffTarget,Tottenham,12,Brighton,4
ShotsBlocked,Tottenham,12,Brighton,1
Touches,Tottenham,903,Brighton,383
PassesTotal,Tottenham,713,Brighton,194
PassesAccurate,Tottenham,624,Brighton,101
KeyPasses,Tottenham,21,Brighton,6
DribblesAttempted,Tottenham,17,Brighton,9
DribblesPast,Tottenham,5,Brighton,8
DribbleSuccess,Tottenham,47,Brighton,56
OffensiveAerials,Tottenham,18,Brighton,30
DefensiveAerials,Tottenham,30,Brighton,18
AerialsWon,Tottenham,48,Brighton,52
TacklesAttempted,Tottenham,20,Brighton,26
TacklesUnsuccessful,Tottenham,5,Brighton,8
TackleSuccess,Tottenham,75,Brighton,69
Clearances,Tottenham,11,Brighton,37
Interceptions,Tottenham,5,Brighton,13
Errors,Tottenham,0,Brighton,0
Fouls,Tottenham,7,Brighton,13
Offsides,Tottenham,2,Brighton,1
Rating,Watford,6.58,Southampton,6.78
TotalShots,Watford,15,Southampton,8
Possession,Watford,62.2,Southampton,37.8
PassSuccess,Watford,79,Southampton,68
DribblesWon,Watford,12,Southampton,9
AerialsWon,Watford,15,Southampton,17
TackleSuccessful,Watford,14,Southampton,21
CornersTotal,Watford,3,Southampton,4
Dispossessed,Watford,12,Southampton,11
ShotsOnPost,Watford,0,Southampton,1
ShotsOnTarget,Watford,4,Southampton,4
ShotsOffTarget,Watford,3,Southampton,3
ShotsBlocked,Watford,8,Southampton,1
Touches,Watford,801,Southampton,567
PassesTotal,Watford,599,Southampton,359
PassesAccurate,Watford,475,Southampton,243
KeyPasses,Watford,10,Southampton,4
DribblesAttempted,Watford,21,Southampton,12
DribblesPast,Watford,9,Southampton,12
DribbleSuccess,Watford,57,Southampton,75
OffensiveAerials,Watford,14,Southampton,18
DefensiveAerials,Watford,18,Southampton,14
AerialsWon,Watford,47,Southampton,53
TacklesAttempted,Watford,23,Southampton,33
TacklesUnsuccessful,Watford,9,Southampton,12
TackleSuccess,Watford,61,Southampton,64
Clearances,Watford,12,Southampton,27
Interceptions,Watford,11,Southampton,23
Errors,Watford,1,Southampton,0
Fouls,Watford,10,Southampton,14
Offsides,Watford,4,Southampton,5
Rating,Wolves,6.91,Arsenal,6.10
TotalShots,Wolves,11,Arsenal,11
Possession,Wolves,29.6,Arsenal,70.4
PassSuccess,Wolves,74,Arsenal,89
DribblesWon,Wolves,6,Arsenal,10
AerialsWon,Wolves,14,Arsenal,17
TackleSuccessful,Wolves,15,Arsenal,7
CornersTotal,Wolves,5,Arsenal,5
Dispossessed,Wolves,5,Arsenal,12
ShotsOnPost,Wolves,0,Arsenal,0
ShotsOnTarget,Wolves,3,Arsenal,1
ShotsOffTarget,Wolves,5,Arsenal,4
ShotsBlocked,Wolves,3,Arsenal,6
Touches,Wolves,446,Arsenal,841
PassesTotal,Wolves,285,Arsenal,690
PassesAccurate,Wolves,212,Arsenal,612
KeyPasses,Wolves,8,Arsenal,9
DribblesAttempted,Wolves,8,Arsenal,13
DribblesPast,Wolves,10,Arsenal,6
DribbleSuccess,Wolves,75,Arsenal,77
OffensiveAerials,Wolves,14,Arsenal,17
DefensiveAerials,Wolves,17,Arsenal,14
AerialsWon,Wolves,45,Arsenal,55
TacklesAttempted,Wolves,25,Arsenal,13
TacklesUnsuccessful,Wolves,10,Arsenal,6
TackleSuccess,Wolves,60,Arsenal,54
Clearances,Wolves,18,Arsenal,3
Interceptions,Wolves,22,Arsenal,4
Errors,Wolves,1,Arsenal,2
Fouls,Wolves,12,Arsenal,9
Offsides,Wolves,1,Arsenal,3
Rating,Man Utd,6.17,Man City,7.19
TotalShots,Man Utd,12,Man City,8
Possession,Man Utd,36.8,Man City,63.2
PassSuccess,Man Utd,78,Man City,87
DribblesWon,Man Utd,12,Man City,17
AerialsWon,Man Utd,8,Man City,12
TackleSuccessful,Man Utd,13,Man City,14
CornersTotal,Man Utd,1,Man City,1
Dispossessed,Man Utd,12,Man City,5
ShotsOnPost,Man Utd,0,Man City,1
ShotsOnTarget,Man Utd,1,Man City,5
ShotsOffTarget,Man Utd,6,Man City,3
ShotsBlocked,Man Utd,5,Man City,0
Touches,Man Utd,566,Man City,874
PassesTotal,Man Utd,406,Man City,702
PassesAccurate,Man Utd,318,Man City,609
KeyPasses,Man Utd,10,Man City,7
DribblesAttempted,Man Utd,15,Man City,25
DribblesPast,Man Utd,17,Man City,12
DribbleSuccess,Man Utd,80,Man City,68
OffensiveAerials,Man Utd,14,Man City,6
DefensiveAerials,Man Utd,6,Man City,14
AerialsWon,Man Utd,40,Man City,60
TacklesAttempted,Man Utd,30,Man City,26
TacklesUnsuccessful,Man Utd,17,Man City,12
TackleSuccess,Man Utd,43,Man City,54
Clearances,Man Utd,12,Man City,11
Interceptions,Man Utd,10,Man City,16
Errors,Man Utd,1,Man City,0
Fouls,Man Utd,10,Man City,10
Offsides,Man Utd,0,Man City,2
Rating,Liverpool,7.72,Huddersfield,5.77
TotalShots,Liverpool,21,Huddersfield,5
Possession,Liverpool,70.2,Huddersfield,29.8
PassSuccess,Liverpool,88,Huddersfield,69
DribblesWon,Liverpool,10,Huddersfield,4
AerialsWon,Liverpool,11,Huddersfield,10
TackleSuccessful,Liverpool,18,Huddersfield,23
CornersTotal,Liverpool,4,Huddersfield,4
Dispossessed,Liverpool,14,Huddersfield,11
ShotsOnPost,Liverpool,1,Huddersfield,0
ShotsOnTarget,Liverpool,7,Huddersfield,1
ShotsOffTarget,Liverpool,12,Huddersfield,2
ShotsBlocked,Liverpool,2,Huddersfield,2
Touches,Liverpool,929,Huddersfield,480
PassesTotal,Liverpool,726,Huddersfield,308
PassesAccurate,Liverpool,639,Huddersfield,213
KeyPasses,Liverpool,18,Huddersfield,4
DribblesAttempted,Liverpool,19,Huddersfield,11
DribblesPast,Liverpool,4,Huddersfield,10
DribbleSuccess,Liverpool,53,Huddersfield,36
OffensiveAerials,Liverpool,8,Huddersfield,13
DefensiveAerials,Liverpool,13,Huddersfield,8
AerialsWon,Liverpool,52,Huddersfield,48
TacklesAttempted,Liverpool,22,Huddersfield,33
TacklesUnsuccessful,Liverpool,4,Huddersfield,10
TackleSuccess,Liverpool,82,Huddersfield,70
Clearances,Liverpool,10,Huddersfield,22
Interceptions,Liverpool,10,Huddersfield,12
Errors,Liverpool,0,Huddersfield,1
Fouls,Liverpool,5,Huddersfield,14
Offsides,Liverpool,2,Huddersfield,4
Rating,Tottenham,6.78,West Ham,7.00
TotalShots,Tottenham,14,West Ham,16
Possession,Tottenham,63,West Ham,37
PassSuccess,Tottenham,82,West Ham,72
DribblesWon,Tottenham,20,West Ham,9
AerialsWon,Tottenham,19,West Ham,6
TackleSuccessful,Tottenham,20,West Ham,21
CornersTotal,Tottenham,2,West Ham,7
Dispossessed,Tottenham,10,West Ham,6
ShotsOnPost,Tottenham,0,West Ham,0
ShotsOnTarget,Tottenham,4,West Ham,7
ShotsOffTarget,Tottenham,4,West Ham,5
ShotsBlocked,Tottenham,6,West Ham,4
Touches,Tottenham,847,West Ham,579
PassesTotal,Tottenham,614,West Ham,351
PassesAccurate,Tottenham,502,West Ham,254
KeyPasses,Tottenham,11,West Ham,12
DribblesAttempted,Tottenham,31,West Ham,23
DribblesPast,Tottenham,9,West Ham,20
DribbleSuccess,Tottenham,65,West Ham,39
OffensiveAerials,Tottenham,9,West Ham,16
DefensiveAerials,Tottenham,16,West Ham,9
AerialsWon,Tottenham,76,West Ham,24
TacklesAttempted,Tottenham,29,West Ham,41
TacklesUnsuccessful,Tottenham,9,West Ham,20
TackleSuccess,Tottenham,69,West Ham,51
Clearances,Tottenham,25,West Ham,21
Interceptions,Tottenham,7,West Ham,15
Errors,Tottenham,0,West Ham,1
Fouls,Tottenham,3,West Ham,8
Offsides,Tottenham,5,West Ham,3
Rating,Watford,6.56,Wolves,6.93
TotalShots,Watford,10,Wolves,11
Possession,Watford,56.5,Wolves,43.5
PassSuccess,Watford,83,Wolves,75
DribblesWon,Watford,12,Wolves,12
AerialsWon,Watford,17,Wolves,19
TackleSuccessful,Watford,17,Wolves,22
CornersTotal,Watford,4,Wolves,5
Dispossessed,Watford,17,Wolves,11
ShotsOnPost,Watford,0,Wolves,0
ShotsOnTarget,Watford,1,Wolves,4
ShotsOffTarget,Watford,5,Wolves,3
ShotsBlocked,Watford,4,Wolves,4
Touches,Watford,717,Wolves,597
PassesTotal,Watford,495,Wolves,386
PassesAccurate,Watford,410,Wolves,290
KeyPasses,Watford,8,Wolves,7
DribblesAttempted,Watford,17,Wolves,18
DribblesPast,Watford,12,Wolves,12
DribbleSuccess,Watford,71,Wolves,67
OffensiveAerials,Watford,18,Wolves,18
DefensiveAerials,Watford,18,Wolves,18
AerialsWon,Watford,47,Wolves,53
TacklesAttempted,Watford,29,Wolves,34
TacklesUnsuccessful,Watford,12,Wolves,12
TackleSuccess,Watford,59,Wolves,65
Clearances,Watford,34,Wolves,34
Interceptions,Watford,12,Wolves,11
Errors,Watford,1,Wolves,1
Fouls,Watford,10,Wolves,11
Offsides,Watford,3,Wolves,5
Rating,Crystal Palace,7.08,Everton,6.71
TotalShots,Crystal Palace,8,Everton,22
Possession,Crystal Palace,36.1,Everton,63.9
PassSuccess,Crystal Palace,64,Everton,80
DribblesWon,Crystal Palace,15,Everton,4
AerialsWon,Crystal Palace,25,Everton,17
TackleSuccessful,Crystal Palace,21,Everton,20
CornersTotal,Crystal Palace,5,Everton,10
Dispossessed,Crystal Palace,15,Everton,11
ShotsOnPost,Crystal Palace,0,Everton,0
ShotsOnTarget,Crystal Palace,0,Everton,3
ShotsOffTarget,Crystal Palace,5,Everton,8
ShotsBlocked,Crystal Palace,3,Everton,11
Touches,Crystal Palace,565,Everton,777
PassesTotal,Crystal Palace,313,Everton,543
PassesAccurate,Crystal Palace,199,Everton,432
KeyPasses,Crystal Palace,4,Everton,13
DribblesAttempted,Crystal Palace,20,Everton,14
DribblesPast,Crystal Palace,4,Everton,15
DribbleSuccess,Crystal Palace,75,Everton,29
OffensiveAerials,Crystal Palace,23,Everton,19
DefensiveAerials,Crystal Palace,19,Everton,23
AerialsWon,Crystal Palace,60,Everton,40
TacklesAttempted,Crystal Palace,25,Everton,35
TacklesUnsuccessful,Crystal Palace,4,Everton,15
TackleSuccess,Crystal Palace,84,Everton,57
Clearances,Crystal Palace,36,Everton,19
Interceptions,Crystal Palace,16,Everton,12
Errors,Crystal Palace,1,Everton,0
Fouls,Crystal Palace,9,Everton,15
Offsides,Crystal Palace,4,Everton,0
Rating,Fulham,7.07,Cardiff,6.71
TotalShots,Fulham,8,Cardiff,13
Possession,Fulham,73,Cardiff,27
PassSuccess,Fulham,87,Cardiff,65
DribblesWon,Fulham,13,Cardiff,13
AerialsWon,Fulham,18,Cardiff,19
TackleSuccessful,Fulham,22,Cardiff,28
CornersTotal,Fulham,10,Cardiff,3
Dispossessed,Fulham,24,Cardiff,15
ShotsOnPost,Fulham,0,Cardiff,1
ShotsOnTarget,Fulham,2,Cardiff,8
ShotsOffTarget,Fulham,5,Cardiff,2
ShotsBlocked,Fulham,1,Cardiff,3
Touches,Fulham,833,Cardiff,435
PassesTotal,Fulham,623,Cardiff,220
PassesAccurate,Fulham,543,Cardiff,144
KeyPasses,Fulham,7,Cardiff,12
DribblesAttempted,Fulham,17,Cardiff,20
DribblesPast,Fulham,13,Cardiff,13
DribbleSuccess,Fulham,76,Cardiff,65
OffensiveAerials,Fulham,9,Cardiff,28
DefensiveAerials,Fulham,28,Cardiff,9
AerialsWon,Fulham,49,Cardiff,51
TacklesAttempted,Fulham,35,Cardiff,41
TacklesUnsuccessful,Fulham,13,Cardiff,13
TackleSuccess,Fulham,63,Cardiff,68
Clearances,Fulham,25,Cardiff,32
Interceptions,Fulham,6,Cardiff,9
Errors,Fulham,0,Cardiff,0
Fouls,Fulham,10,Cardiff,8
Offsides,Fulham,1,Cardiff,3
Rating,Southampton,6.91,Bournemouth,6.62
TotalShots,Southampton,22,Bournemouth,9
Possession,Southampton,44.4,Bournemouth,55.6
PassSuccess,Southampton,74,Bournemouth,77
DribblesWon,Southampton,10,Bournemouth,5
AerialsWon,Southampton,21,Bournemouth,13
TackleSuccessful,Southampton,25,Bournemouth,19
CornersTotal,Southampton,9,Bournemouth,3
Dispossessed,Southampton,14,Bournemouth,17
ShotsOnPost,Southampton,1,Bournemouth,0
ShotsOnTarget,Southampton,7,Bournemouth,5
ShotsOffTarget,Southampton,9,Bournemouth,4
ShotsBlocked,Southampton,6,Bournemouth,0
Touches,Southampton,586,Bournemouth,662
PassesTotal,Southampton,351,Bournemouth,459
PassesAccurate,Southampton,258,Bournemouth,352
KeyPasses,Southampton,13,Bournemouth,7
DribblesAttempted,Southampton,15,Bournemouth,13
DribblesPast,Southampton,5,Bournemouth,10
DribbleSuccess,Southampton,67,Bournemouth,38
OffensiveAerials,Southampton,19,Bournemouth,15
DefensiveAerials,Southampton,15,Bournemouth,19
AerialsWon,Southampton,62,Bournemouth,38
TacklesAttempted,Southampton,30,Bournemouth,29
TacklesUnsuccessful,Southampton,5,Bournemouth,10
TackleSuccess,Southampton,83,Bournemouth,66
Clearances,Southampton,20,Bournemouth,30
Interceptions,Southampton,20,Bournemouth,7
Errors,Southampton,2,Bournemouth,2
Fouls,Southampton,8,Bournemouth,9
Offsides,Southampton,0,Bournemouth,0
Rating,Brighton,6.60,Newcastle,6.69
TotalShots,Brighton,9,Newcastle,9
Possession,Brighton,49.8,Newcastle,50.2
PassSuccess,Brighton,81,Newcastle,81
DribblesWon,Brighton,8,Newcastle,9
AerialsWon,Brighton,30,Newcastle,15
TackleSuccessful,Brighton,11,Newcastle,23
CornersTotal,Brighton,7,Newcastle,4
Dispossessed,Brighton,11,Newcastle,7
ShotsOnPost,Brighton,0,Newcastle,0
ShotsOnTarget,Brighton,2,Newcastle,1
ShotsOffTarget,Brighton,5,Newcastle,3
ShotsBlocked,Brighton,2,Newcastle,5
Touches,Brighton,654,Newcastle,669
PassesTotal,Brighton,461,Newcastle,488
PassesAccurate,Brighton,375,Newcastle,396
KeyPasses,Brighton,7,Newcastle,8
DribblesAttempted,Brighton,20,Newcastle,13
DribblesPast,Brighton,9,Newcastle,8
DribbleSuccess,Brighton,40,Newcastle,69
OffensiveAerials,Brighton,28,Newcastle,17
DefensiveAerials,Brighton,17,Newcastle,28
AerialsWon,Brighton,67,Newcastle,33
TacklesAttempted,Brighton,20,Newcastle,31
TacklesUnsuccessful,Brighton,9,Newcastle,8
TackleSuccess,Brighton,55,Newcastle,74
Clearances,Brighton,23,Newcastle,31
Interceptions,Brighton,6,Newcastle,7
Errors,Brighton,0,Newcastle,0
Fouls,Brighton,7,Newcastle,10
Offsides,Brighton,3,Newcastle,0
Rating,Leicester,7.54,Arsenal,6.26
TotalShots,Leicester,24,Arsenal,6
Possession,Leicester,67.2,Arsenal,32.8
PassSuccess,Leicester,84,Arsenal,64
DribblesWon,Leicester,13,Arsenal,7
AerialsWon,Leicester,21,Arsenal,15
TackleSuccessful,Leicester,19,Arsenal,16
CornersTotal,Leicester,8,Arsenal,6
Dispossessed,Leicester,8,Arsenal,8
ShotsOnPost,Leicester,1,Arsenal,0
ShotsOnTarget,Leicester,12,Arsenal,1
ShotsOffTarget,Leicester,6,Arsenal,3
ShotsBlocked,Leicester,6,Arsenal,2
Touches,Leicester,816,Arsenal,492
PassesTotal,Leicester,610,Arsenal,293
PassesAccurate,Leicester,515,Arsenal,188
KeyPasses,Leicester,19,Arsenal,6
DribblesAttempted,Leicester,21,Arsenal,18
DribblesPast,Leicester,7,Arsenal,13
DribbleSuccess,Leicester,62,Arsenal,39
OffensiveAerials,Leicester,12,Arsenal,23
DefensiveAerials,Leicester,24,Arsenal,13
AerialsWon,Leicester,58,Arsenal,42
TacklesAttempted,Leicester,26,Arsenal,29
TacklesUnsuccessful,Leicester,7,Arsenal,13
TackleSuccess,Leicester,73,Arsenal,55
Clearances,Leicester,25,Arsenal,20
Interceptions,Leicester,8,Arsenal,13
Errors,Leicester,0,Arsenal,0
Fouls,Leicester,13,Arsenal,13
Offsides,Leicester,2,Arsenal,3
Rating,Burnley,6.57,Man City,7.07
TotalShots,Burnley,2,Man City,25
Possession,Burnley,30.1,Man City,69.9
PassSuccess,Burnley,60,Man City,86
DribblesWon,Burnley,6,Man City,11
AerialsWon,Burnley,16,Man City,26
TackleSuccessful,Burnley,16,Man City,13
CornersTotal,Burnley,0,Man City,6
Dispossessed,Burnley,11,Man City,7
ShotsOnPost,Burnley,0,Man City,0
ShotsOnTarget,Burnley,0,Man City,7
ShotsOffTarget,Burnley,2,Man City,4
ShotsBlocked,Burnley,0,Man City,14
Touches,Burnley,443,Man City,814
PassesTotal,Burnley,263,Man City,608
PassesAccurate,Burnley,158,Man City,524
KeyPasses,Burnley,2,Man City,19
DribblesAttempted,Burnley,8,Man City,20
DribblesPast,Burnley,11,Man City,6
DribbleSuccess,Burnley,75,Man City,55
OffensiveAerials,Burnley,28,Man City,14
DefensiveAerials,Burnley,14,Man City,28
AerialsWon,Burnley,38,Man City,62
TacklesAttempted,Burnley,27,Man City,19
TacklesUnsuccessful,Burnley,11,Man City,6
TackleSuccess,Burnley,59,Man City,68
Clearances,Burnley,31,Man City,21
Interceptions,Burnley,13,Man City,12
Errors,Burnley,0,Man City,0
Fouls,Burnley,5,Man City,7
Offsides,Burnley,2,Man City,3
Rating,Man Utd,6.53,Chelsea,6.69
TotalShots,Man Utd,7,Chelsea,16
Possession,Man Utd,51.7,Chelsea,48.3
PassSuccess,Man Utd,84,Chelsea,86
DribblesWon,Man Utd,9,Chelsea,9
AerialsWon,Man Utd,12,Chelsea,11
TackleSuccessful,Man Utd,15,Chelsea,15
CornersTotal,Man Utd,6,Chelsea,6
Dispossessed,Man Utd,10,Chelsea,9
ShotsOnPost,Man Utd,0,Chelsea,0
ShotsOnTarget,Man Utd,5,Chelsea,3
ShotsOffTarget,Man Utd,2,Chelsea,7
ShotsBlocked,Man Utd,0,Chelsea,6
Touches,Man Utd,653,Chelsea,617
PassesTotal,Man Utd,467,Chelsea,422
PassesAccurate,Man Utd,390,Chelsea,362
KeyPasses,Man Utd,4,Chelsea,11
DribblesAttempted,Man Utd,14,Chelsea,15
DribblesPast,Man Utd,9,Chelsea,9
DribbleSuccess,Man Utd,64,Chelsea,60
OffensiveAerials,Man Utd,14,Chelsea,9
DefensiveAerials,Man Utd,9,Chelsea,14
AerialsWon,Man Utd,52,Chelsea,48
TacklesAttempted,Man Utd,24,Chelsea,24
TacklesUnsuccessful,Man Utd,9,Chelsea,9
TackleSuccess,Man Utd,63,Chelsea,63
Clearances,Man Utd,12,Chelsea,19
Interceptions,Man Utd,6,Chelsea,14
Errors,Man Utd,1,Chelsea,0
Fouls,Man Utd,9,Chelsea,14
Offsides,Man Utd,5,Chelsea,5
