Rating,Feirense,6.38,Vitoria de Setubal,6.80
TotalShots,Feirense,16,Vitoria de Setubal,9
Possession,Feirense,54.7,Vitoria de Setubal,45.3
PassSuccess,Feirense,71,Vitoria de Setubal,63
DribblesWon,Feirense,3,Vitoria de Setubal,3
AerialsWon,Feirense,25,Vitoria de Setubal,28
TackleSuccessful,Feirense,14,Vitoria de Setubal,12
CornersTotal,Feirense,5,Vitoria de Setubal,5
Dispossessed,Feirense,8,Vitoria de Setubal,9
ShotsOnPost,Feirense,0,Vitoria de Setubal,0
ShotsOnTarget,Feirense,3,Vitoria de Setubal,3
ShotsOffTarget,Feirense,10,Vitoria de Setubal,5
ShotsBlocked,Feirense,3,Vitoria de Setubal,1
Touches,Feirense,576,Vitoria de Setubal,486
PassesTotal,Feirense,370,Vitoria de Setubal,305
PassesAccurate,Feirense,262,Vitoria de Setubal,193
KeyPasses,Feirense,9,Vitoria de Setubal,5
DribblesAttempted,Feirense,7,Vitoria de Setubal,8
DribblesPast,Feirense,3,Vitoria de Setubal,3
DribbleSuccess,Feirense,43,Vitoria de Setubal,38
OffensiveAerials,Feirense,21,Vitoria de Setubal,32
DefensiveAerials,Feirense,32,Vitoria de Setubal,21
AerialsWon,Feirense,47,Vitoria de Setubal,53
TacklesAttempted,Feirense,17,Vitoria de Setubal,15
TacklesUnsuccessful,Feirense,3,Vitoria de Setubal,3
TackleSuccess,Feirense,82,Vitoria de Setubal,80
Clearances,Feirense,23,Vitoria de Setubal,20
Interceptions,Feirense,11,Vitoria de Setubal,9
Errors,Feirense,0,Vitoria de Setubal,0
Fouls,Feirense,13,Vitoria de Setubal,16
Offsides,Feirense,1,Vitoria de Setubal,2
Rating,Porto,7.27,Boavista,6.35
TotalShots,Porto,17,Boavista,5
Possession,Porto,67.7,Boavista,32.3
PassSuccess,Porto,84,Boavista,68
DribblesWon,Porto,26,Boavista,5
AerialsWon,Porto,21,Boavista,16
TackleSuccessful,Porto,14,Boavista,21
CornersTotal,Porto,8,Boavista,0
Dispossessed,Porto,10,Boavista,8
ShotsOnPost,Porto,0,Boavista,0
ShotsOnTarget,Porto,7,Boavista,1
ShotsOffTarget,Porto,5,Boavista,3
ShotsBlocked,Porto,5,Boavista,1
Touches,Porto,755,Boavista,452
PassesTotal,Porto,558,Boavista,271
PassesAccurate,Porto,470,Boavista,184
KeyPasses,Porto,14,Boavista,4
DribblesAttempted,Porto,37,Boavista,11
DribblesPast,Porto,5,Boavista,26
DribbleSuccess,Porto,70,Boavista,45
OffensiveAerials,Porto,15,Boavista,22
DefensiveAerials,Porto,22,Boavista,15
AerialsWon,Porto,57,Boavista,43
TacklesAttempted,Porto,19,Boavista,47
TacklesUnsuccessful,Porto,5,Boavista,26
TackleSuccess,Porto,74,Boavista,45
Clearances,Porto,5,Boavista,33
Interceptions,Porto,9,Boavista,15
Errors,Porto,0,Boavista,0
Fouls,Porto,15,Boavista,17
Offsides,Porto,1,Boavista,1
Rating,Nacional,6.56,Aves,6.74
TotalShots,Nacional,15,Aves,10
Possession,Nacional,62.9,Aves,37.1
PassSuccess,Nacional,77,Aves,65
DribblesWon,Nacional,4,Aves,2
AerialsWon,Nacional,15,Aves,27
TackleSuccessful,Nacional,10,Aves,27
CornersTotal,Nacional,11,Aves,5
Dispossessed,Nacional,19,Aves,7
ShotsOnPost,Nacional,0,Aves,0
ShotsOnTarget,Nacional,5,Aves,2
ShotsOffTarget,Nacional,7,Aves,7
ShotsBlocked,Nacional,3,Aves,1
Touches,Nacional,630,Aves,443
PassesTotal,Nacional,444,Aves,263
PassesAccurate,Nacional,343,Aves,170
KeyPasses,Nacional,13,Aves,7
DribblesAttempted,Nacional,12,Aves,5
DribblesPast,Nacional,2,Aves,4
DribbleSuccess,Nacional,33,Aves,40
OffensiveAerials,Nacional,25,Aves,17
DefensiveAerials,Nacional,17,Aves,25
AerialsWon,Nacional,36,Aves,64
TacklesAttempted,Nacional,12,Aves,31
TacklesUnsuccessful,Nacional,2,Aves,4
TackleSuccess,Nacional,83,Aves,87
Clearances,Nacional,10,Aves,36
Interceptions,Nacional,11,Aves,6
Errors,Nacional,0,Aves,0
Fouls,Nacional,9,Aves,17
Offsides,Nacional,0,Aves,2
Rating,Belenenses SAD,6.50,Santa Clara,6.35
TotalShots,Belenenses SAD,7,Santa Clara,15
Possession,Belenenses SAD,50.6,Santa Clara,49.4
PassSuccess,Belenenses SAD,84,Santa Clara,84
DribblesWon,Belenenses SAD,7,Santa Clara,4
AerialsWon,Belenenses SAD,9,Santa Clara,9
TackleSuccessful,Belenenses SAD,9,Santa Clara,15
CornersTotal,Belenenses SAD,1,Santa Clara,2
Dispossessed,Belenenses SAD,13,Santa Clara,5
ShotsOnPost,Belenenses SAD,0,Santa Clara,0
ShotsOnTarget,Belenenses SAD,2,Santa Clara,1
ShotsOffTarget,Belenenses SAD,2,Santa Clara,8
ShotsBlocked,Belenenses SAD,3,Santa Clara,6
Touches,Belenenses SAD,599,Santa Clara,565
PassesTotal,Belenenses SAD,452,Santa Clara,431
PassesAccurate,Belenenses SAD,379,Santa Clara,364
KeyPasses,Belenenses SAD,7,Santa Clara,8
DribblesAttempted,Belenenses SAD,9,Santa Clara,8
DribblesPast,Belenenses SAD,4,Santa Clara,7
DribbleSuccess,Belenenses SAD,78,Santa Clara,50
OffensiveAerials,Belenenses SAD,9,Santa Clara,9
DefensiveAerials,Belenenses SAD,9,Santa Clara,9
AerialsWon,Belenenses SAD,50,Santa Clara,50
TacklesAttempted,Belenenses SAD,13,Santa Clara,22
TacklesUnsuccessful,Belenenses SAD,4,Santa Clara,7
TackleSuccess,Belenenses SAD,69,Santa Clara,68
Clearances,Belenenses SAD,15,Santa Clara,3
Interceptions,Belenenses SAD,13,Santa Clara,4
Errors,Belenenses SAD,0,Santa Clara,0
Fouls,Belenenses SAD,13,Santa Clara,17
Offsides,Belenenses SAD,1,Santa Clara,1
Rating,Vitoria de Guimaraes,7.57,Chaves,6.05
TotalShots,Vitoria de Guimaraes,13,Chaves,17
Possession,Vitoria de Guimaraes,57.1,Chaves,42.9
PassSuccess,Vitoria de Guimaraes,83,Chaves,79
DribblesWon,Vitoria de Guimaraes,9,Chaves,8
AerialsWon,Vitoria de Guimaraes,22,Chaves,13
TackleSuccessful,Vitoria de Guimaraes,17,Chaves,15
CornersTotal,Vitoria de Guimaraes,4,Chaves,9
Dispossessed,Vitoria de Guimaraes,8,Chaves,14
ShotsOnPost,Vitoria de Guimaraes,1,Chaves,0
ShotsOnTarget,Vitoria de Guimaraes,6,Chaves,5
ShotsOffTarget,Vitoria de Guimaraes,5,Chaves,5
ShotsBlocked,Vitoria de Guimaraes,2,Chaves,7
Touches,Vitoria de Guimaraes,651,Chaves,516
PassesTotal,Vitoria de Guimaraes,465,Chaves,326
PassesAccurate,Vitoria de Guimaraes,385,Chaves,257
KeyPasses,Vitoria de Guimaraes,11,Chaves,11
DribblesAttempted,Vitoria de Guimaraes,16,Chaves,11
DribblesPast,Vitoria de Guimaraes,8,Chaves,9
DribbleSuccess,Vitoria de Guimaraes,56,Chaves,73
OffensiveAerials,Vitoria de Guimaraes,17,Chaves,17
DefensiveAerials,Vitoria de Guimaraes,18,Chaves,18
AerialsWon,Vitoria de Guimaraes,63,Chaves,37
TacklesAttempted,Vitoria de Guimaraes,25,Chaves,24
TacklesUnsuccessful,Vitoria de Guimaraes,8,Chaves,9
TackleSuccess,Vitoria de Guimaraes,68,Chaves,63
Clearances,Vitoria de Guimaraes,22,Chaves,12
Interceptions,Vitoria de Guimaraes,6,Chaves,14
Errors,Vitoria de Guimaraes,0,Chaves,0
Fouls,Vitoria de Guimaraes,12,Chaves,14
Offsides,Vitoria de Guimaraes,1,Chaves,0
Rating,Moreirense,6.83,Braga,6.46
TotalShots,Moreirense,8,Braga,6
Possession,Moreirense,41.4,Braga,58.6
PassSuccess,Moreirense,70,Braga,73
DribblesWon,Moreirense,10,Braga,3
AerialsWon,Moreirense,18,Braga,24
TackleSuccessful,Moreirense,17,Braga,29
CornersTotal,Moreirense,8,Braga,7
Dispossessed,Moreirense,22,Braga,8
ShotsOnPost,Moreirense,0,Braga,1
ShotsOnTarget,Moreirense,2,Braga,2
ShotsOffTarget,Moreirense,3,Braga,3
ShotsBlocked,Moreirense,3,Braga,1
Touches,Moreirense,545,Braga,677
PassesTotal,Moreirense,327,Braga,480
PassesAccurate,Moreirense,228,Braga,352
KeyPasses,Moreirense,7,Braga,4
DribblesAttempted,Moreirense,17,Braga,12
DribblesPast,Moreirense,3,Braga,10
DribbleSuccess,Moreirense,59,Braga,25
OffensiveAerials,Moreirense,18,Braga,24
DefensiveAerials,Moreirense,24,Braga,18
AerialsWon,Moreirense,43,Braga,57
TacklesAttempted,Moreirense,20,Braga,39
TacklesUnsuccessful,Moreirense,3,Braga,10
TackleSuccess,Moreirense,85,Braga,74
Clearances,Moreirense,24,Braga,18
Interceptions,Moreirense,8,Braga,16
Errors,Moreirense,0,Braga,1
Fouls,Moreirense,18,Braga,11
Offsides,Moreirense,2,Braga,6
Rating,Vitoria de Setubal,6.81,Maritimo,6.33
TotalShots,Vitoria de Setubal,12,Maritimo,5
Possession,Vitoria de Setubal,42.4,Maritimo,57.6
PassSuccess,Vitoria de Setubal,62,Maritimo,72
DribblesWon,Vitoria de Setubal,1,Maritimo,3
AerialsWon,Vitoria de Setubal,18,Maritimo,18
TackleSuccessful,Vitoria de Setubal,15,Maritimo,14
CornersTotal,Vitoria de Setubal,8,Maritimo,4
Dispossessed,Vitoria de Setubal,13,Maritimo,12
ShotsOnPost,Vitoria de Setubal,0,Maritimo,0
ShotsOnTarget,Vitoria de Setubal,4,Maritimo,2
ShotsOffTarget,Vitoria de Setubal,6,Maritimo,3
ShotsBlocked,Vitoria de Setubal,2,Maritimo,0
Touches,Vitoria de Setubal,454,Maritimo,550
PassesTotal,Vitoria de Setubal,258,Maritimo,373
PassesAccurate,Vitoria de Setubal,161,Maritimo,267
KeyPasses,Vitoria de Setubal,7,Maritimo,1
DribblesAttempted,Vitoria de Setubal,2,Maritimo,6
DribblesPast,Vitoria de Setubal,3,Maritimo,1
DribbleSuccess,Vitoria de Setubal,50,Maritimo,50
OffensiveAerials,Vitoria de Setubal,18,Maritimo,18
DefensiveAerials,Vitoria de Setubal,18,Maritimo,18
AerialsWon,Vitoria de Setubal,50,Maritimo,50
TacklesAttempted,Vitoria de Setubal,18,Maritimo,15
TacklesUnsuccessful,Vitoria de Setubal,3,Maritimo,1
TackleSuccess,Vitoria de Setubal,83,Maritimo,93
Clearances,Vitoria de Setubal,15,Maritimo,26
Interceptions,Vitoria de Setubal,15,Maritimo,7
Errors,Vitoria de Setubal,0,Maritimo,0
Fouls,Vitoria de Setubal,20,Maritimo,20
Offsides,Vitoria de Setubal,3,Maritimo,1
Rating,Feirense,6.24,Benfica,7.16
TotalShots,Feirense,6,Benfica,18
Possession,Feirense,42.1,Benfica,57.9
PassSuccess,Feirense,77,Benfica,82
DribblesWon,Feirense,7,Benfica,6
AerialsWon,Feirense,13,Benfica,17
TackleSuccessful,Feirense,16,Benfica,20
CornersTotal,Feirense,3,Benfica,5
Dispossessed,Feirense,15,Benfica,10
ShotsOnPost,Feirense,0,Benfica,0
ShotsOnTarget,Feirense,1,Benfica,7
ShotsOffTarget,Feirense,3,Benfica,7
ShotsBlocked,Feirense,2,Benfica,4
Touches,Feirense,531,Benfica,670
PassesTotal,Feirense,347,Benfica,488
PassesAccurate,Feirense,266,Benfica,398
KeyPasses,Feirense,3,Benfica,11
DribblesAttempted,Feirense,12,Benfica,12
DribblesPast,Feirense,6,Benfica,7
DribbleSuccess,Feirense,58,Benfica,50
OffensiveAerials,Feirense,21,Benfica,9
DefensiveAerials,Feirense,9,Benfica,21
AerialsWon,Feirense,43,Benfica,57
TacklesAttempted,Feirense,22,Benfica,27
TacklesUnsuccessful,Feirense,6,Benfica,7
TackleSuccess,Feirense,73,Benfica,74
Clearances,Feirense,24,Benfica,19
Interceptions,Feirense,22,Benfica,11
Errors,Feirense,1,Benfica,1
Fouls,Feirense,14,Benfica,11
Offsides,Feirense,2,Benfica,6
Rating,Sporting,7.14,Rio Ave,6.08
TotalShots,Sporting,12,Rio Ave,8
Possession,Sporting,48.9,Rio Ave,51.1
PassSuccess,Sporting,87,Rio Ave,89
DribblesWon,Sporting,2,Rio Ave,7
AerialsWon,Sporting,9,Rio Ave,8
TackleSuccessful,Sporting,20,Rio Ave,10
CornersTotal,Sporting,7,Rio Ave,4
Dispossessed,Sporting,9,Rio Ave,18
ShotsOnPost,Sporting,0,Rio Ave,0
ShotsOnTarget,Sporting,5,Rio Ave,3
ShotsOffTarget,Sporting,3,Rio Ave,4
ShotsBlocked,Sporting,4,Rio Ave,1
Touches,Sporting,637,Rio Ave,671
PassesTotal,Sporting,484,Rio Ave,504
PassesAccurate,Sporting,420,Rio Ave,447
KeyPasses,Sporting,10,Rio Ave,6
DribblesAttempted,Sporting,3,Rio Ave,9
DribblesPast,Sporting,7,Rio Ave,2
DribbleSuccess,Sporting,67,Rio Ave,78
OffensiveAerials,Sporting,7,Rio Ave,10
DefensiveAerials,Sporting,10,Rio Ave,7
AerialsWon,Sporting,53,Rio Ave,47
TacklesAttempted,Sporting,27,Rio Ave,12
TacklesUnsuccessful,Sporting,7,Rio Ave,2
TackleSuccess,Sporting,74,Rio Ave,83
Clearances,Sporting,15,Rio Ave,22
Interceptions,Sporting,7,Rio Ave,7
Errors,Sporting,0,Rio Ave,1
Fouls,Sporting,20,Rio Ave,10
Offsides,Sporting,4,Rio Ave,3
Rating,Tondela,6.87,Portimonense,6.75
TotalShots,Tondela,28,Portimonense,13
Possession,Tondela,57.1,Portimonense,42.9
PassSuccess,Tondela,77,Portimonense,67
DribblesWon,Tondela,5,Portimonense,8
AerialsWon,Tondela,32,Portimonense,28
TackleSuccessful,Tondela,16,Portimonense,20
CornersTotal,Tondela,7,Portimonense,8
Dispossessed,Tondela,9,Portimonense,8
ShotsOnPost,Tondela,0,Portimonense,0
ShotsOnTarget,Tondela,8,Portimonense,5
ShotsOffTarget,Tondela,12,Portimonense,3
ShotsBlocked,Tondela,8,Portimonense,5
Touches,Tondela,670,Portimonense,568
PassesTotal,Tondela,448,Portimonense,350
PassesAccurate,Tondela,343,Portimonense,235
KeyPasses,Tondela,15,Portimonense,7
DribblesAttempted,Tondela,16,Portimonense,16
DribblesPast,Tondela,8,Portimonense,5
DribbleSuccess,Tondela,31,Portimonense,50
OffensiveAerials,Tondela,28,Portimonense,32
DefensiveAerials,Tondela,32,Portimonense,28
AerialsWon,Tondela,53,Portimonense,47
TacklesAttempted,Tondela,24,Portimonense,25
TacklesUnsuccessful,Tondela,8,Portimonense,5
TackleSuccess,Tondela,67,Portimonense,80
Clearances,Tondela,16,Portimonense,39
Interceptions,Tondela,10,Portimonense,11
Errors,Tondela,0,Portimonense,0
Fouls,Tondela,8,Portimonense,12
Offsides,Tondela,1,Portimonense,0
Rating,Chaves,6.54,Belenenses SAD,6.74
TotalShots,Chaves,13,Belenenses SAD,22
Possession,Chaves,30.5,Belenenses SAD,69.5
PassSuccess,Chaves,71,Belenenses SAD,84
DribblesWon,Chaves,7,Belenenses SAD,16
AerialsWon,Chaves,14,Belenenses SAD,17
TackleSuccessful,Chaves,17,Belenenses SAD,15
CornersTotal,Chaves,4,Belenenses SAD,4
Dispossessed,Chaves,1,Belenenses SAD,11
ShotsOnPost,Chaves,0,Belenenses SAD,0
ShotsOnTarget,Chaves,3,Belenenses SAD,4
ShotsOffTarget,Chaves,7,Belenenses SAD,10
ShotsBlocked,Chaves,3,Belenenses SAD,8
Touches,Chaves,449,Belenenses SAD,802
PassesTotal,Chaves,254,Belenenses SAD,607
PassesAccurate,Chaves,181,Belenenses SAD,509
KeyPasses,Chaves,11,Belenenses SAD,15
DribblesAttempted,Chaves,21,Belenenses SAD,22
DribblesPast,Chaves,16,Belenenses SAD,7
DribbleSuccess,Chaves,33,Belenenses SAD,73
OffensiveAerials,Chaves,22,Belenenses SAD,9
DefensiveAerials,Chaves,9,Belenenses SAD,22
AerialsWon,Chaves,45,Belenenses SAD,55
TacklesAttempted,Chaves,33,Belenenses SAD,22
TacklesUnsuccessful,Chaves,16,Belenenses SAD,7
TackleSuccess,Chaves,52,Belenenses SAD,68
Clearances,Chaves,18,Belenenses SAD,13
Interceptions,Chaves,17,Belenenses SAD,12
Errors,Chaves,1,Belenenses SAD,0
Fouls,Chaves,15,Belenenses SAD,15
Offsides,Chaves,1,Belenenses SAD,6
Rating,Santa Clara,6.55,Moreirense,6.65
TotalShots,Santa Clara,11,Moreirense,16
Possession,Santa Clara,61.4,Moreirense,38.6
PassSuccess,Santa Clara,82,Moreirense,68
DribblesWon,Santa Clara,5,Moreirense,9
AerialsWon,Santa Clara,10,Moreirense,9
TackleSuccessful,Santa Clara,9,Moreirense,9
CornersTotal,Santa Clara,7,Moreirense,4
Dispossessed,Santa Clara,5,Moreirense,8
ShotsOnPost,Santa Clara,0,Moreirense,0
ShotsOnTarget,Santa Clara,6,Moreirense,5
ShotsOffTarget,Santa Clara,3,Moreirense,8
ShotsBlocked,Santa Clara,2,Moreirense,3
Touches,Santa Clara,657,Moreirense,498
PassesTotal,Santa Clara,484,Moreirense,313
PassesAccurate,Santa Clara,395,Moreirense,214
KeyPasses,Santa Clara,8,Moreirense,10
DribblesAttempted,Santa Clara,9,Moreirense,10
DribblesPast,Santa Clara,9,Moreirense,5
DribbleSuccess,Santa Clara,56,Moreirense,90
OffensiveAerials,Santa Clara,9,Moreirense,10
DefensiveAerials,Santa Clara,10,Moreirense,9
AerialsWon,Santa Clara,53,Moreirense,47
TacklesAttempted,Santa Clara,18,Moreirense,14
TacklesUnsuccessful,Santa Clara,9,Moreirense,5
TackleSuccess,Santa Clara,50,Moreirense,64
Clearances,Santa Clara,8,Moreirense,31
Interceptions,Santa Clara,10,Moreirense,7
Errors,Santa Clara,0,Moreirense,0
Fouls,Santa Clara,17,Moreirense,12
Offsides,Santa Clara,5,Moreirense,2
Rating,Portimonense,6.16,Porto,7.42
TotalShots,Portimonense,9,Porto,11
Possession,Portimonense,44.4,Porto,55.6
PassSuccess,Portimonense,76,Porto,79
DribblesWon,Portimonense,10,Porto,11
AerialsWon,Portimonense,8,Porto,22
TackleSuccessful,Portimonense,12,Porto,22
CornersTotal,Portimonense,3,Porto,7
Dispossessed,Portimonense,18,Porto,7
ShotsOnPost,Portimonense,0,Porto,0
ShotsOnTarget,Portimonense,1,Porto,5
ShotsOffTarget,Portimonense,5,Porto,1
ShotsBlocked,Portimonense,3,Porto,5
Touches,Portimonense,512,Porto,602
PassesTotal,Portimonense,315,Porto,398
PassesAccurate,Portimonense,238,Porto,316
KeyPasses,Portimonense,6,Porto,10
DribblesAttempted,Portimonense,14,Porto,16
DribblesPast,Portimonense,11,Porto,10
DribbleSuccess,Portimonense,71,Porto,69
OffensiveAerials,Portimonense,23,Porto,7
DefensiveAerials,Portimonense,7,Porto,23
AerialsWon,Portimonense,27,Porto,73
TacklesAttempted,Portimonense,23,Porto,32
TacklesUnsuccessful,Portimonense,11,Porto,10
TackleSuccess,Portimonense,52,Porto,69
Clearances,Portimonense,16,Porto,26
Interceptions,Portimonense,16,Porto,19
Errors,Portimonense,0,Porto,0
Fouls,Portimonense,14,Porto,19
Offsides,Portimonense,2,Porto,2
Rating,Aves,6.46,Sporting,6.97
TotalShots,Aves,21,Sporting,13
Possession,Aves,49.9,Sporting,50.1
PassSuccess,Aves,79,Sporting,78
DribblesWon,Aves,10,Sporting,8
AerialsWon,Aves,23,Sporting,10
TackleSuccessful,Aves,16,Sporting,23
CornersTotal,Aves,11,Sporting,3
Dispossessed,Aves,14,Sporting,12
ShotsOnPost,Aves,0,Sporting,0
ShotsOnTarget,Aves,5,Sporting,8
ShotsOffTarget,Aves,7,Sporting,2
ShotsBlocked,Aves,9,Sporting,3
Touches,Aves,548,Sporting,570
PassesTotal,Aves,333,Sporting,357
PassesAccurate,Aves,264,Sporting,278
KeyPasses,Aves,16,Sporting,8
DribblesAttempted,Aves,19,Sporting,12
DribblesPast,Aves,8,Sporting,10
DribbleSuccess,Aves,53,Sporting,67
OffensiveAerials,Aves,13,Sporting,20
DefensiveAerials,Aves,20,Sporting,13
AerialsWon,Aves,70,Sporting,30
TacklesAttempted,Aves,24,Sporting,33
TacklesUnsuccessful,Aves,8,Sporting,10
TackleSuccess,Aves,67,Sporting,70
Clearances,Aves,13,Sporting,27
Interceptions,Aves,8,Sporting,10
Errors,Aves,0,Sporting,0
Fouls,Aves,19,Sporting,10
Offsides,Aves,4,Sporting,1
Rating,Maritimo,6.81,Feirense,5.86
TotalShots,Maritimo,8,Feirense,5
Possession,Maritimo,61.2,Feirense,38.8
PassSuccess,Maritimo,80,Feirense,67
DribblesWon,Maritimo,1,Feirense,0
AerialsWon,Maritimo,19,Feirense,12
TackleSuccessful,Maritimo,13,Feirense,15
CornersTotal,Maritimo,2,Feirense,5
Dispossessed,Maritimo,13,Feirense,6
ShotsOnPost,Maritimo,0,Feirense,0
ShotsOnTarget,Maritimo,2,Feirense,2
ShotsOffTarget,Maritimo,4,Feirense,3
ShotsBlocked,Maritimo,2,Feirense,0
Touches,Maritimo,549,Feirense,402
PassesTotal,Maritimo,394,Feirense,254
PassesAccurate,Maritimo,315,Feirense,170
KeyPasses,Maritimo,5,Feirense,4
DribblesAttempted,Maritimo,3,Feirense,7
DribblesPast,Maritimo,0,Feirense,1
DribbleSuccess,Maritimo,33,Feirense,0
OffensiveAerials,Maritimo,10,Feirense,21
DefensiveAerials,Maritimo,21,Feirense,10
AerialsWon,Maritimo,61,Feirense,39
TacklesAttempted,Maritimo,13,Feirense,16
TacklesUnsuccessful,Maritimo,0,Feirense,1
TackleSuccess,Maritimo,100,Feirense,94
Clearances,Maritimo,9,Feirense,20
Interceptions,Maritimo,6,Feirense,8
Errors,Maritimo,0,Feirense,0
Fouls,Maritimo,13,Feirense,16
Offsides,Maritimo,1,Feirense,1
Rating,Rio Ave,6.71,Vitoria de Guimaraes,6.44
TotalShots,Rio Ave,8,Vitoria de Guimaraes,13
Possession,Rio Ave,48.9,Vitoria de Guimaraes,51.1
PassSuccess,Rio Ave,78,Vitoria de Guimaraes,79
DribblesWon,Rio Ave,6,Vitoria de Guimaraes,14
AerialsWon,Rio Ave,11,Vitoria de Guimaraes,17
TackleSuccessful,Rio Ave,15,Vitoria de Guimaraes,13
CornersTotal,Rio Ave,8,Vitoria de Guimaraes,3
Dispossessed,Rio Ave,10,Vitoria de Guimaraes,5
ShotsOnPost,Rio Ave,0,Vitoria de Guimaraes,0
ShotsOnTarget,Rio Ave,7,Vitoria de Guimaraes,7
ShotsOffTarget,Rio Ave,1,Vitoria de Guimaraes,4
ShotsBlocked,Rio Ave,0,Vitoria de Guimaraes,2
Touches,Rio Ave,550,Vitoria de Guimaraes,590
PassesTotal,Rio Ave,367,Vitoria de Guimaraes,388
PassesAccurate,Rio Ave,286,Vitoria de Guimaraes,307
KeyPasses,Rio Ave,5,Vitoria de Guimaraes,11
DribblesAttempted,Rio Ave,9,Vitoria de Guimaraes,24
DribblesPast,Rio Ave,14,Vitoria de Guimaraes,6
DribbleSuccess,Rio Ave,67,Vitoria de Guimaraes,58
OffensiveAerials,Rio Ave,12,Vitoria de Guimaraes,16
DefensiveAerials,Rio Ave,16,Vitoria de Guimaraes,12
AerialsWon,Rio Ave,39,Vitoria de Guimaraes,61
TacklesAttempted,Rio Ave,29,Vitoria de Guimaraes,19
TacklesUnsuccessful,Rio Ave,14,Vitoria de Guimaraes,6
TackleSuccess,Rio Ave,52,Vitoria de Guimaraes,68
Clearances,Rio Ave,16,Vitoria de Guimaraes,18
Interceptions,Rio Ave,20,Vitoria de Guimaraes,7
Errors,Rio Ave,0,Vitoria de Guimaraes,1
Fouls,Rio Ave,25,Vitoria de Guimaraes,16
Offsides,Rio Ave,0,Vitoria de Guimaraes,0
Rating,Braga,7.40,Tondela,6.27
TotalShots,Braga,20,Tondela,9
Possession,Braga,54.6,Tondela,45.4
PassSuccess,Braga,83,Tondela,76
DribblesWon,Braga,9,Tondela,7
AerialsWon,Braga,19,Tondela,17
TackleSuccessful,Braga,26,Tondela,20
CornersTotal,Braga,5,Tondela,2
Dispossessed,Braga,15,Tondela,18
ShotsOnPost,Braga,0,Tondela,0
ShotsOnTarget,Braga,9,Tondela,0
ShotsOffTarget,Braga,8,Tondela,4
ShotsBlocked,Braga,3,Tondela,5
Touches,Braga,685,Tondela,615
PassesTotal,Braga,465,Tondela,394
PassesAccurate,Braga,385,Tondela,301
KeyPasses,Braga,14,Tondela,7
DribblesAttempted,Braga,14,Tondela,15
DribblesPast,Braga,7,Tondela,9
DribbleSuccess,Braga,64,Tondela,47
OffensiveAerials,Braga,20,Tondela,16
DefensiveAerials,Braga,16,Tondela,20
AerialsWon,Braga,53,Tondela,47
TacklesAttempted,Braga,33,Tondela,29
TacklesUnsuccessful,Braga,7,Tondela,9
TackleSuccess,Braga,79,Tondela,69
Clearances,Braga,17,Tondela,21
Interceptions,Braga,11,Tondela,15
Errors,Braga,0,Tondela,0
Fouls,Braga,14,Tondela,12
Offsides,Braga,2,Tondela,2
Rating,Boavista,6.93,Nacional,6.59
TotalShots,Boavista,15,Nacional,14
Possession,Boavista,43.6,Nacional,56.4
PassSuccess,Boavista,73,Nacional,76
DribblesWon,Boavista,8,Nacional,8
AerialsWon,Boavista,23,Nacional,23
TackleSuccessful,Boavista,11,Nacional,14
CornersTotal,Boavista,9,Nacional,10
Dispossessed,Boavista,9,Nacional,7
ShotsOnPost,Boavista,0,Nacional,0
ShotsOnTarget,Boavista,6,Nacional,0
ShotsOffTarget,Boavista,5,Nacional,6
ShotsBlocked,Boavista,4,Nacional,8
Touches,Boavista,474,Nacional,544
PassesTotal,Boavista,274,Nacional,351
PassesAccurate,Boavista,200,Nacional,268
KeyPasses,Boavista,8,Nacional,11
DribblesAttempted,Boavista,13,Nacional,12
DribblesPast,Boavista,8,Nacional,8
DribbleSuccess,Boavista,62,Nacional,67
OffensiveAerials,Boavista,20,Nacional,26
DefensiveAerials,Boavista,26,Nacional,20
AerialsWon,Boavista,50,Nacional,50
TacklesAttempted,Boavista,19,Nacional,22
TacklesUnsuccessful,Boavista,8,Nacional,8
TackleSuccess,Boavista,58,Nacional,64
Clearances,Boavista,34,Nacional,17
Interceptions,Boavista,10,Nacional,8
Errors,Boavista,0,Nacional,0
Fouls,Boavista,19,Nacional,8
Offsides,Boavista,0,Nacional,2
Rating,Benfica,7.23,Vitoria de Setubal,6.43
TotalShots,Benfica,20,Vitoria de Setubal,15
Possession,Benfica,60,Vitoria de Setubal,40
PassSuccess,Benfica,87,Vitoria de Setubal,76
DribblesWon,Benfica,8,Vitoria de Setubal,7
AerialsWon,Benfica,20,Vitoria de Setubal,16
TackleSuccessful,Benfica,16,Vitoria de Setubal,17
CornersTotal,Benfica,4,Vitoria de Setubal,5
Dispossessed,Benfica,11,Vitoria de Setubal,10
ShotsOnPost,Benfica,0,Vitoria de Setubal,0
ShotsOnTarget,Benfica,8,Vitoria de Setubal,4
ShotsOffTarget,Benfica,6,Vitoria de Setubal,5
ShotsBlocked,Benfica,6,Vitoria de Setubal,6
Touches,Benfica,668,Vitoria de Setubal,482
PassesTotal,Benfica,461,Vitoria de Setubal,301
PassesAccurate,Benfica,400,Vitoria de Setubal,230
KeyPasses,Benfica,14,Vitoria de Setubal,8
DribblesAttempted,Benfica,14,Vitoria de Setubal,13
DribblesPast,Benfica,7,Vitoria de Setubal,8
DribbleSuccess,Benfica,57,Vitoria de Setubal,54
OffensiveAerials,Benfica,16,Vitoria de Setubal,20
DefensiveAerials,Benfica,20,Vitoria de Setubal,16
AerialsWon,Benfica,56,Vitoria de Setubal,44
TacklesAttempted,Benfica,23,Vitoria de Setubal,25
TacklesUnsuccessful,Benfica,7,Vitoria de Setubal,8
TackleSuccess,Benfica,70,Vitoria de Setubal,68
Clearances,Benfica,30,Vitoria de Setubal,16
Interceptions,Benfica,12,Vitoria de Setubal,9
Errors,Benfica,0,Vitoria de Setubal,0
Fouls,Benfica,18,Vitoria de Setubal,16
Offsides,Benfica,1,Vitoria de Setubal,0
Rating,Tondela,7.00,Boavista,6.65
TotalShots,Tondela,19,Boavista,16
Possession,Tondela,46.4,Boavista,53.6
PassSuccess,Tondela,62,Boavista,69
DribblesWon,Tondela,13,Boavista,8
AerialsWon,Tondela,34,Boavista,45
TackleSuccessful,Tondela,17,Boavista,15
CornersTotal,Tondela,4,Boavista,7
Dispossessed,Tondela,10,Boavista,11
ShotsOnPost,Tondela,1,Boavista,0
ShotsOnTarget,Tondela,4,Boavista,4
ShotsOffTarget,Tondela,12,Boavista,11
ShotsBlocked,Tondela,3,Boavista,1
Touches,Tondela,510,Boavista,572
PassesTotal,Tondela,304,Boavista,345
PassesAccurate,Tondela,189,Boavista,238
KeyPasses,Tondela,11,Boavista,14
DribblesAttempted,Tondela,18,Boavista,14
DribblesPast,Tondela,8,Boavista,13
DribbleSuccess,Tondela,72,Boavista,57
OffensiveAerials,Tondela,31,Boavista,48
DefensiveAerials,Tondela,48,Boavista,31
AerialsWon,Tondela,43,Boavista,57
TacklesAttempted,Tondela,25,Boavista,28
TacklesUnsuccessful,Tondela,8,Boavista,13
TackleSuccess,Tondela,68,Boavista,54
Clearances,Tondela,9,Boavista,31
Interceptions,Tondela,10,Boavista,14
Errors,Tondela,0,Boavista,0
Fouls,Tondela,13,Boavista,18
Offsides,Tondela,1,Boavista,1
Rating,Vitoria de Setubal,6.69,Portimonense,6.57
TotalShots,Vitoria de Setubal,10,Portimonense,11
Possession,Vitoria de Setubal,44.9,Portimonense,55.1
PassSuccess,Vitoria de Setubal,71,Portimonense,72
DribblesWon,Vitoria de Setubal,1,Portimonense,13
AerialsWon,Vitoria de Setubal,20,Portimonense,22
TackleSuccessful,Vitoria de Setubal,23,Portimonense,11
CornersTotal,Vitoria de Setubal,6,Portimonense,5
Dispossessed,Vitoria de Setubal,6,Portimonense,11
ShotsOnPost,Vitoria de Setubal,1,Portimonense,0
ShotsOnTarget,Vitoria de Setubal,2,Portimonense,5
ShotsOffTarget,Vitoria de Setubal,5,Portimonense,5
ShotsBlocked,Vitoria de Setubal,3,Portimonense,1
Touches,Vitoria de Setubal,477,Portimonense,513
PassesTotal,Vitoria de Setubal,277,Portimonense,335
PassesAccurate,Vitoria de Setubal,198,Portimonense,240
KeyPasses,Vitoria de Setubal,9,Portimonense,7
DribblesAttempted,Vitoria de Setubal,6,Portimonense,25
DribblesPast,Vitoria de Setubal,13,Portimonense,1
DribbleSuccess,Vitoria de Setubal,17,Portimonense,52
OffensiveAerials,Vitoria de Setubal,15,Portimonense,27
DefensiveAerials,Vitoria de Setubal,27,Portimonense,15
AerialsWon,Vitoria de Setubal,48,Portimonense,52
TacklesAttempted,Vitoria de Setubal,36,Portimonense,12
TacklesUnsuccessful,Vitoria de Setubal,13,Portimonense,1
TackleSuccess,Vitoria de Setubal,64,Portimonense,92
Clearances,Vitoria de Setubal,23,Portimonense,8
Interceptions,Vitoria de Setubal,13,Portimonense,7
Errors,Vitoria de Setubal,0,Portimonense,0
Fouls,Vitoria de Setubal,18,Portimonense,13
Offsides,Vitoria de Setubal,2,Portimonense,1
Rating,Nacional,6.59,Sporting,6.92
TotalShots,Nacional,3,Sporting,22
Possession,Nacional,41.1,Sporting,58.9
PassSuccess,Nacional,75,Sporting,82
DribblesWon,Nacional,2,Sporting,6
AerialsWon,Nacional,14,Sporting,10
TackleSuccessful,Nacional,27,Sporting,17
CornersTotal,Nacional,2,Sporting,9
Dispossessed,Nacional,11,Sporting,23
ShotsOnPost,Nacional,0,Sporting,0
ShotsOnTarget,Nacional,1,Sporting,9
ShotsOffTarget,Nacional,2,Sporting,3
ShotsBlocked,Nacional,0,Sporting,10
Touches,Nacional,537,Sporting,672
PassesTotal,Nacional,333,Sporting,469
PassesAccurate,Nacional,250,Sporting,384
KeyPasses,Nacional,3,Sporting,17
DribblesAttempted,Nacional,8,Sporting,10
DribblesPast,Nacional,6,Sporting,2
DribbleSuccess,Nacional,25,Sporting,60
OffensiveAerials,Nacional,11,Sporting,13
DefensiveAerials,Nacional,13,Sporting,11
AerialsWon,Nacional,58,Sporting,42
TacklesAttempted,Nacional,33,Sporting,19
TacklesUnsuccessful,Nacional,6,Sporting,2
TackleSuccess,Nacional,82,Sporting,89
Clearances,Nacional,37,Sporting,11
Interceptions,Nacional,12,Sporting,10
Errors,Nacional,0,Sporting,0
Fouls,Nacional,8,Sporting,12
Offsides,Nacional,1,Sporting,1
Rating,Vitoria de Guimaraes,6.37,Aves,7.23
TotalShots,Vitoria de Guimaraes,18,Aves,14
Possession,Vitoria de Guimaraes,64.3,Aves,35.7
PassSuccess,Vitoria de Guimaraes,86,Aves,71
DribblesWon,Vitoria de Guimaraes,8,Aves,7
AerialsWon,Vitoria de Guimaraes,22,Aves,15
TackleSuccessful,Vitoria de Guimaraes,14,Aves,23
CornersTotal,Vitoria de Guimaraes,7,Aves,3
Dispossessed,Vitoria de Guimaraes,17,Aves,8
ShotsOnPost,Vitoria de Guimaraes,0,Aves,0
ShotsOnTarget,Vitoria de Guimaraes,4,Aves,6
ShotsOffTarget,Vitoria de Guimaraes,12,Aves,7
ShotsBlocked,Vitoria de Guimaraes,2,Aves,1
Touches,Vitoria de Guimaraes,757,Aves,499
PassesTotal,Vitoria de Guimaraes,550,Aves,315
PassesAccurate,Vitoria de Guimaraes,475,Aves,225
KeyPasses,Vitoria de Guimaraes,14,Aves,12
DribblesAttempted,Vitoria de Guimaraes,14,Aves,13
DribblesPast,Vitoria de Guimaraes,7,Aves,8
DribbleSuccess,Vitoria de Guimaraes,57,Aves,54
OffensiveAerials,Vitoria de Guimaraes,21,Aves,16
DefensiveAerials,Vitoria de Guimaraes,16,Aves,21
AerialsWon,Vitoria de Guimaraes,59,Aves,41
TacklesAttempted,Vitoria de Guimaraes,21,Aves,31
TacklesUnsuccessful,Vitoria de Guimaraes,7,Aves,8
TackleSuccess,Vitoria de Guimaraes,67,Aves,74
Clearances,Vitoria de Guimaraes,11,Aves,26
Interceptions,Vitoria de Guimaraes,8,Aves,14
Errors,Vitoria de Guimaraes,0,Aves,0
Fouls,Vitoria de Guimaraes,12,Aves,14
Offsides,Vitoria de Guimaraes,0,Aves,1
Rating,Belenenses SAD,6.46,Rio Ave,7.04
TotalShots,Belenenses SAD,16,Rio Ave,16
Possession,Belenenses SAD,62,Rio Ave,38
PassSuccess,Belenenses SAD,82,Rio Ave,72
DribblesWon,Belenenses SAD,10,Rio Ave,13
AerialsWon,Belenenses SAD,15,Rio Ave,11
TackleSuccessful,Belenenses SAD,9,Rio Ave,14
CornersTotal,Belenenses SAD,5,Rio Ave,2
Dispossessed,Belenenses SAD,9,Rio Ave,6
ShotsOnPost,Belenenses SAD,1,Rio Ave,1
ShotsOnTarget,Belenenses SAD,3,Rio Ave,7
ShotsOffTarget,Belenenses SAD,7,Rio Ave,6
ShotsBlocked,Belenenses SAD,6,Rio Ave,3
Touches,Belenenses SAD,627,Rio Ave,481
PassesTotal,Belenenses SAD,463,Rio Ave,281
PassesAccurate,Belenenses SAD,381,Rio Ave,202
KeyPasses,Belenenses SAD,11,Rio Ave,9
DribblesAttempted,Belenenses SAD,15,Rio Ave,16
DribblesPast,Belenenses SAD,13,Rio Ave,10
DribbleSuccess,Belenenses SAD,67,Rio Ave,81
OffensiveAerials,Belenenses SAD,10,Rio Ave,16
DefensiveAerials,Belenenses SAD,16,Rio Ave,10
AerialsWon,Belenenses SAD,58,Rio Ave,42
TacklesAttempted,Belenenses SAD,22,Rio Ave,24
TacklesUnsuccessful,Belenenses SAD,13,Rio Ave,10
TackleSuccess,Belenenses SAD,41,Rio Ave,58
Clearances,Belenenses SAD,17,Rio Ave,26
Interceptions,Belenenses SAD,8,Rio Ave,9
Errors,Belenenses SAD,0,Rio Ave,0
Fouls,Belenenses SAD,20,Rio Ave,11
Offsides,Belenenses SAD,4,Rio Ave,1
Rating,Moreirense,6.48,Chaves,6.96
TotalShots,Moreirense,18,Chaves,7
Possession,Moreirense,55,Chaves,45
PassSuccess,Moreirense,80,Chaves,76
DribblesWon,Moreirense,11,Chaves,5
AerialsWon,Moreirense,22,Chaves,16
TackleSuccessful,Moreirense,12,Chaves,24
CornersTotal,Moreirense,5,Chaves,6
Dispossessed,Moreirense,18,Chaves,5
ShotsOnPost,Moreirense,0,Chaves,0
ShotsOnTarget,Moreirense,4,Chaves,2
ShotsOffTarget,Moreirense,9,Chaves,4
ShotsBlocked,Moreirense,5,Chaves,1
Touches,Moreirense,594,Chaves,533
PassesTotal,Moreirense,414,Chaves,342
PassesAccurate,Moreirense,331,Chaves,261
KeyPasses,Moreirense,14,Chaves,7
DribblesAttempted,Moreirense,17,Chaves,12
DribblesPast,Moreirense,5,Chaves,11
DribbleSuccess,Moreirense,65,Chaves,42
OffensiveAerials,Moreirense,18,Chaves,20
DefensiveAerials,Moreirense,20,Chaves,18
AerialsWon,Moreirense,58,Chaves,42
TacklesAttempted,Moreirense,17,Chaves,35
TacklesUnsuccessful,Moreirense,5,Chaves,11
TackleSuccess,Moreirense,71,Chaves,69
Clearances,Moreirense,16,Chaves,21
Interceptions,Moreirense,5,Chaves,16
Errors,Moreirense,0,Chaves,0
Fouls,Moreirense,23,Chaves,19
Offsides,Moreirense,0,Chaves,2
Rating,Feirense,6.34,Braga,7.13
TotalShots,Feirense,8,Braga,21
Possession,Feirense,37.3,Braga,62.7
PassSuccess,Feirense,74,Braga,84
DribblesWon,Feirense,10,Braga,5
AerialsWon,Feirense,13,Braga,21
TackleSuccessful,Feirense,10,Braga,16
CornersTotal,Feirense,4,Braga,9
Dispossessed,Feirense,12,Braga,5
ShotsOnPost,Feirense,0,Braga,1
ShotsOnTarget,Feirense,4,Braga,4
ShotsOffTarget,Feirense,4,Braga,12
ShotsBlocked,Feirense,0,Braga,5
Touches,Feirense,456,Braga,658
PassesTotal,Feirense,291,Braga,482
PassesAccurate,Feirense,216,Braga,405
KeyPasses,Feirense,4,Braga,14
DribblesAttempted,Feirense,15,Braga,10
DribblesPast,Feirense,5,Braga,10
DribbleSuccess,Feirense,67,Braga,50
OffensiveAerials,Feirense,23,Braga,11
DefensiveAerials,Feirense,11,Braga,23
AerialsWon,Feirense,38,Braga,62
TacklesAttempted,Feirense,15,Braga,26
TacklesUnsuccessful,Feirense,5,Braga,10
TackleSuccess,Feirense,67,Braga,62
Clearances,Feirense,15,Braga,15
Interceptions,Feirense,12,Braga,2
Errors,Feirense,0,Braga,0
Fouls,Feirense,13,Braga,14
Offsides,Feirense,2,Braga,4
Rating,Porto,6.79,Santa Clara,6.50
TotalShots,Porto,14,Santa Clara,6
Possession,Porto,62.9,Santa Clara,37.1
PassSuccess,Porto,84,Santa Clara,71
DribblesWon,Porto,5,Santa Clara,8
AerialsWon,Porto,19,Santa Clara,13
TackleSuccessful,Porto,19,Santa Clara,16
CornersTotal,Porto,4,Santa Clara,2
Dispossessed,Porto,7,Santa Clara,14
ShotsOnPost,Porto,0,Santa Clara,0
ShotsOnTarget,Porto,5,Santa Clara,2
ShotsOffTarget,Porto,6,Santa Clara,1
ShotsBlocked,Porto,3,Santa Clara,3
Touches,Porto,735,Santa Clara,514
PassesTotal,Porto,537,Santa Clara,323
PassesAccurate,Porto,452,Santa Clara,228
KeyPasses,Porto,8,Santa Clara,5
DribblesAttempted,Porto,14,Santa Clara,13
DribblesPast,Porto,8,Santa Clara,5
DribbleSuccess,Porto,36,Santa Clara,62
OffensiveAerials,Porto,17,Santa Clara,15
DefensiveAerials,Porto,15,Santa Clara,17
AerialsWon,Porto,59,Santa Clara,41
TacklesAttempted,Porto,27,Santa Clara,21
TacklesUnsuccessful,Porto,8,Santa Clara,5
TackleSuccess,Porto,70,Santa Clara,76
Clearances,Porto,4,Santa Clara,26
Interceptions,Porto,8,Santa Clara,16
Errors,Porto,0,Santa Clara,0
Fouls,Porto,14,Santa Clara,13
Offsides,Porto,2,Santa Clara,4
Rating,Benfica,7.81,Maritimo,5.76
TotalShots,Benfica,25,Maritimo,1
Possession,Benfica,64.6,Maritimo,35.4
PassSuccess,Benfica,86,Maritimo,74
DribblesWon,Benfica,3,Maritimo,8
AerialsWon,Benfica,12,Maritimo,8
TackleSuccessful,Benfica,22,Maritimo,9
CornersTotal,Benfica,10,Maritimo,1
Dispossessed,Benfica,9,Maritimo,16
ShotsOnPost,Benfica,0,Maritimo,0
ShotsOnTarget,Benfica,11,Maritimo,0
ShotsOffTarget,Benfica,9,Maritimo,1
ShotsBlocked,Benfica,5,Maritimo,0
Touches,Benfica,805,Maritimo,544
PassesTotal,Benfica,605,Maritimo,349
PassesAccurate,Benfica,523,Maritimo,260
KeyPasses,Benfica,17,Maritimo,1
DribblesAttempted,Benfica,3,Maritimo,14
DribblesPast,Benfica,8,Maritimo,3
DribbleSuccess,Benfica,100,Maritimo,57
OffensiveAerials,Benfica,9,Maritimo,11
DefensiveAerials,Benfica,11,Maritimo,9
AerialsWon,Benfica,60,Maritimo,40
TacklesAttempted,Benfica,30,Maritimo,12
TacklesUnsuccessful,Benfica,8,Maritimo,3
TackleSuccess,Benfica,73,Maritimo,75
Clearances,Benfica,5,Maritimo,28
Interceptions,Benfica,15,Maritimo,16
Errors,Benfica,0,Maritimo,0
Fouls,Benfica,9,Maritimo,17
Offsides,Benfica,1,Maritimo,1
Rating,Rio Ave,6.50,Porto,6.74
TotalShots,Rio Ave,10,Porto,10
Possession,Rio Ave,46.7,Porto,53.3
PassSuccess,Rio Ave,76,Porto,79
DribblesWon,Rio Ave,4,Porto,7
AerialsWon,Rio Ave,17,Porto,29
TackleSuccessful,Rio Ave,21,Porto,20
CornersTotal,Rio Ave,3,Porto,4
Dispossessed,Rio Ave,13,Porto,16
ShotsOnPost,Rio Ave,1,Porto,0
ShotsOnTarget,Rio Ave,4,Porto,4
ShotsOffTarget,Rio Ave,5,Porto,1
ShotsBlocked,Rio Ave,1,Porto,5
Touches,Rio Ave,542,Porto,604
PassesTotal,Rio Ave,362,Porto,421
PassesAccurate,Rio Ave,275,Porto,331
KeyPasses,Rio Ave,6,Porto,6
DribblesAttempted,Rio Ave,11,Porto,12
DribblesPast,Rio Ave,7,Porto,4
DribbleSuccess,Rio Ave,36,Porto,58
OffensiveAerials,Rio Ave,25,Porto,21
DefensiveAerials,Rio Ave,21,Porto,25
AerialsWon,Rio Ave,37,Porto,63
TacklesAttempted,Rio Ave,28,Porto,24
TacklesUnsuccessful,Rio Ave,7,Porto,4
TackleSuccess,Rio Ave,75,Porto,83
Clearances,Rio Ave,16,Porto,13
Interceptions,Rio Ave,14,Porto,15
Errors,Rio Ave,0,Porto,0
Fouls,Rio Ave,12,Porto,14
Offsides,Rio Ave,4,Porto,2
Rating,Santa Clara,6.80,Vitoria de Setubal,6.76
TotalShots,Santa Clara,10,Vitoria de Setubal,9
Possession,Santa Clara,55.4,Vitoria de Setubal,44.6
PassSuccess,Santa Clara,69,Vitoria de Setubal,63
DribblesWon,Santa Clara,9,Vitoria de Setubal,5
AerialsWon,Santa Clara,26,Vitoria de Setubal,31
TackleSuccessful,Santa Clara,7,Vitoria de Setubal,14
CornersTotal,Santa Clara,2,Vitoria de Setubal,3
Dispossessed,Santa Clara,6,Vitoria de Setubal,6
ShotsOnPost,Santa Clara,1,Vitoria de Setubal,1
ShotsOnTarget,Santa Clara,4,Vitoria de Setubal,2
ShotsOffTarget,Santa Clara,4,Vitoria de Setubal,3
ShotsBlocked,Santa Clara,2,Vitoria de Setubal,4
Touches,Santa Clara,599,Vitoria de Setubal,493
PassesTotal,Santa Clara,396,Vitoria de Setubal,320
PassesAccurate,Santa Clara,274,Vitoria de Setubal,203
KeyPasses,Santa Clara,8,Vitoria de Setubal,7
DribblesAttempted,Santa Clara,17,Vitoria de Setubal,6
DribblesPast,Santa Clara,5,Vitoria de Setubal,9
DribbleSuccess,Santa Clara,53,Vitoria de Setubal,83
OffensiveAerials,Santa Clara,20,Vitoria de Setubal,37
DefensiveAerials,Santa Clara,37,Vitoria de Setubal,20
AerialsWon,Santa Clara,46,Vitoria de Setubal,54
TacklesAttempted,Santa Clara,12,Vitoria de Setubal,23
TacklesUnsuccessful,Santa Clara,5,Vitoria de Setubal,9
TackleSuccess,Santa Clara,58,Vitoria de Setubal,61
Clearances,Santa Clara,23,Vitoria de Setubal,8
Interceptions,Santa Clara,14,Vitoria de Setubal,15
Errors,Santa Clara,0,Vitoria de Setubal,0
Fouls,Santa Clara,14,Vitoria de Setubal,21
Offsides,Santa Clara,1,Vitoria de Setubal,5
Rating,Portimonense,7.00,Feirense,6.35
TotalShots,Portimonense,18,Feirense,6
Possession,Portimonense,59.5,Feirense,40.5
PassSuccess,Portimonense,84,Feirense,74
DribblesWon,Portimonense,13,Feirense,4
AerialsWon,Portimonense,20,Feirense,12
TackleSuccessful,Portimonense,15,Feirense,18
CornersTotal,Portimonense,5,Feirense,2
Dispossessed,Portimonense,13,Feirense,11
ShotsOnPost,Portimonense,0,Feirense,0
ShotsOnTarget,Portimonense,6,Feirense,3
ShotsOffTarget,Portimonense,8,Feirense,1
ShotsBlocked,Portimonense,4,Feirense,2
Touches,Portimonense,665,Feirense,491
PassesTotal,Portimonense,473,Feirense,328
PassesAccurate,Portimonense,395,Feirense,243
KeyPasses,Portimonense,16,Feirense,3
DribblesAttempted,Portimonense,18,Feirense,8
DribblesPast,Portimonense,4,Feirense,13
DribbleSuccess,Portimonense,72,Feirense,50
OffensiveAerials,Portimonense,15,Feirense,17
DefensiveAerials,Portimonense,17,Feirense,15
AerialsWon,Portimonense,63,Feirense,38
TacklesAttempted,Portimonense,19,Feirense,31
TacklesUnsuccessful,Portimonense,4,Feirense,13
TackleSuccess,Portimonense,79,Feirense,58
Clearances,Portimonense,10,Feirense,23
Interceptions,Portimonense,5,Feirense,6
Errors,Portimonense,0,Feirense,0
Fouls,Portimonense,13,Feirense,12
Offsides,Portimonense,0,Feirense,3
Rating,Sporting,7.31,Vitoria de Guimaraes,6.36
TotalShots,Sporting,24,Vitoria de Guimaraes,10
Possession,Sporting,61.4,Vitoria de Guimaraes,38.6
PassSuccess,Sporting,86,Vitoria de Guimaraes,78
DribblesWon,Sporting,8,Vitoria de Guimaraes,12
AerialsWon,Sporting,13,Vitoria de Guimaraes,11
TackleSuccessful,Sporting,16,Vitoria de Guimaraes,12
CornersTotal,Sporting,7,Vitoria de Guimaraes,4
Dispossessed,Sporting,4,Vitoria de Guimaraes,12
ShotsOnPost,Sporting,3,Vitoria de Guimaraes,0
ShotsOnTarget,Sporting,7,Vitoria de Guimaraes,1
ShotsOffTarget,Sporting,12,Vitoria de Guimaraes,6
ShotsBlocked,Sporting,5,Vitoria de Guimaraes,3
Touches,Sporting,707,Vitoria de Guimaraes,501
PassesTotal,Sporting,536,Vitoria de Guimaraes,333
PassesAccurate,Sporting,459,Vitoria de Guimaraes,259
KeyPasses,Sporting,22,Vitoria de Guimaraes,8
DribblesAttempted,Sporting,16,Vitoria de Guimaraes,16
DribblesPast,Sporting,12,Vitoria de Guimaraes,8
DribbleSuccess,Sporting,50,Vitoria de Guimaraes,75
OffensiveAerials,Sporting,11,Vitoria de Guimaraes,13
DefensiveAerials,Sporting,13,Vitoria de Guimaraes,11
AerialsWon,Sporting,54,Vitoria de Guimaraes,46
TacklesAttempted,Sporting,28,Vitoria de Guimaraes,20
TacklesUnsuccessful,Sporting,12,Vitoria de Guimaraes,8
TackleSuccess,Sporting,57,Vitoria de Guimaraes,60
Clearances,Sporting,14,Vitoria de Guimaraes,19
Interceptions,Sporting,15,Vitoria de Guimaraes,9
Errors,Sporting,0,Vitoria de Guimaraes,0
Fouls,Sporting,17,Vitoria de Guimaraes,8
Offsides,Sporting,2,Vitoria de Guimaraes,3
Rating,Aves,7.23,Belenenses SAD,6.08
TotalShots,Aves,14,Belenenses SAD,10
Possession,Aves,33.8,Belenenses SAD,66.2
PassSuccess,Aves,68,Belenenses SAD,86
DribblesWon,Aves,9,Belenenses SAD,5
AerialsWon,Aves,9,Belenenses SAD,12
TackleSuccessful,Aves,20,Belenenses SAD,11
CornersTotal,Aves,6,Belenenses SAD,2
Dispossessed,Aves,8,Belenenses SAD,12
ShotsOnPost,Aves,0,Belenenses SAD,0
ShotsOnTarget,Aves,8,Belenenses SAD,3
ShotsOffTarget,Aves,3,Belenenses SAD,5
ShotsBlocked,Aves,3,Belenenses SAD,2
Touches,Aves,429,Belenenses SAD,680
PassesTotal,Aves,248,Belenenses SAD,507
PassesAccurate,Aves,168,Belenenses SAD,434
KeyPasses,Aves,8,Belenenses SAD,4
DribblesAttempted,Aves,12,Belenenses SAD,13
DribblesPast,Aves,5,Belenenses SAD,9
DribbleSuccess,Aves,75,Belenenses SAD,38
OffensiveAerials,Aves,14,Belenenses SAD,7
DefensiveAerials,Aves,7,Belenenses SAD,14
AerialsWon,Aves,43,Belenenses SAD,57
TacklesAttempted,Aves,25,Belenenses SAD,20
TacklesUnsuccessful,Aves,5,Belenenses SAD,9
TackleSuccess,Aves,80,Belenenses SAD,55
Clearances,Aves,21,Belenenses SAD,14
Interceptions,Aves,16,Belenenses SAD,10
Errors,Aves,0,Belenenses SAD,0
Fouls,Aves,14,Belenenses SAD,12
Offsides,Aves,1,Belenenses SAD,1
Rating,Maritimo,7.16,Tondela,6.22
TotalShots,Maritimo,8,Tondela,9
Possession,Maritimo,46.9,Tondela,53.1
PassSuccess,Maritimo,69,Tondela,71
DribblesWon,Maritimo,6,Tondela,2
AerialsWon,Maritimo,29,Tondela,30
TackleSuccessful,Maritimo,17,Tondela,15
CornersTotal,Maritimo,3,Tondela,11
Dispossessed,Maritimo,12,Tondela,12
ShotsOnPost,Maritimo,1,Tondela,0
ShotsOnTarget,Maritimo,2,Tondela,3
ShotsOffTarget,Maritimo,3,Tondela,5
ShotsBlocked,Maritimo,3,Tondela,1
Touches,Maritimo,576,Tondela,620
PassesTotal,Maritimo,377,Tondela,414
PassesAccurate,Maritimo,259,Tondela,293
KeyPasses,Maritimo,6,Tondela,5
DribblesAttempted,Maritimo,9,Tondela,7
DribblesPast,Maritimo,2,Tondela,6
DribbleSuccess,Maritimo,67,Tondela,29
OffensiveAerials,Maritimo,27,Tondela,32
DefensiveAerials,Maritimo,32,Tondela,27
AerialsWon,Maritimo,49,Tondela,51
TacklesAttempted,Maritimo,19,Tondela,21
TacklesUnsuccessful,Maritimo,2,Tondela,6
TackleSuccess,Maritimo,89,Tondela,71
Clearances,Maritimo,32,Tondela,23
Interceptions,Maritimo,17,Tondela,8
Errors,Maritimo,0,Tondela,0
Fouls,Maritimo,9,Tondela,7
Offsides,Maritimo,6,Tondela,3
Rating,Chaves,7.08,Nacional,6.39
TotalShots,Chaves,12,Nacional,17
Possession,Chaves,39.8,Nacional,60.2
PassSuccess,Chaves,64,Nacional,79
DribblesWon,Chaves,7,Nacional,19
AerialsWon,Chaves,26,Nacional,35
TackleSuccessful,Chaves,19,Nacional,18
CornersTotal,Chaves,1,Nacional,11
Dispossessed,Chaves,15,Nacional,6
ShotsOnPost,Chaves,0,Nacional,0
ShotsOnTarget,Chaves,4,Nacional,4
ShotsOffTarget,Chaves,5,Nacional,8
ShotsBlocked,Chaves,3,Nacional,5
Touches,Chaves,420,Nacional,570
PassesTotal,Chaves,250,Nacional,379
PassesAccurate,Chaves,159,Nacional,299
KeyPasses,Chaves,8,Nacional,10
DribblesAttempted,Chaves,10,Nacional,32
DribblesPast,Chaves,19,Nacional,7
DribbleSuccess,Chaves,70,Nacional,59
OffensiveAerials,Chaves,33,Nacional,28
DefensiveAerials,Chaves,28,Nacional,33
AerialsWon,Chaves,43,Nacional,57
TacklesAttempted,Chaves,38,Nacional,25
TacklesUnsuccessful,Chaves,19,Nacional,7
TackleSuccess,Chaves,50,Nacional,72
Clearances,Chaves,20,Nacional,11
Interceptions,Chaves,7,Nacional,10
Errors,Chaves,0,Nacional,0
Fouls,Chaves,17,Nacional,15
Offsides,Chaves,4,Nacional,1
Rating,Braga,6.15,Benfica,7.11
TotalShots,Braga,12,Benfica,17
Possession,Braga,41.9,Benfica,58.1
PassSuccess,Braga,75,Benfica,81
DribblesWon,Braga,4,Benfica,11
AerialsWon,Braga,11,Benfica,18
TackleSuccessful,Braga,14,Benfica,17
CornersTotal,Braga,5,Benfica,5
Dispossessed,Braga,9,Benfica,9
ShotsOnPost,Braga,0,Benfica,0
ShotsOnTarget,Braga,3,Benfica,9
ShotsOffTarget,Braga,7,Benfica,3
ShotsBlocked,Braga,2,Benfica,5
Touches,Braga,508,Benfica,647
PassesTotal,Braga,308,Benfica,449
PassesAccurate,Braga,232,Benfica,365
KeyPasses,Braga,8,Benfica,10
DribblesAttempted,Braga,12,Benfica,16
DribblesPast,Braga,11,Benfica,4
DribbleSuccess,Braga,33,Benfica,69
OffensiveAerials,Braga,19,Benfica,10
DefensiveAerials,Braga,10,Benfica,19
AerialsWon,Braga,38,Benfica,62
TacklesAttempted,Braga,25,Benfica,21
TacklesUnsuccessful,Braga,11,Benfica,4
TackleSuccess,Braga,56,Benfica,81
Clearances,Braga,26,Benfica,24
Interceptions,Braga,9,Benfica,9
Errors,Braga,0,Benfica,0
Fouls,Braga,14,Benfica,16
Offsides,Braga,3,Benfica,2
Rating,Boavista,6.90,Moreirense,6.36
TotalShots,Boavista,8,Moreirense,7
Possession,Boavista,39,Moreirense,61
PassSuccess,Boavista,74,Moreirense,84
DribblesWon,Boavista,3,Moreirense,8
AerialsWon,Boavista,16,Moreirense,25
TackleSuccessful,Boavista,22,Moreirense,21
CornersTotal,Boavista,6,Moreirense,4
Dispossessed,Boavista,11,Moreirense,12
ShotsOnPost,Boavista,1,Moreirense,0
ShotsOnTarget,Boavista,4,Moreirense,4
ShotsOffTarget,Boavista,3,Moreirense,2
ShotsBlocked,Boavista,1,Moreirense,1
Touches,Boavista,465,Moreirense,645
PassesTotal,Boavista,296,Moreirense,451
PassesAccurate,Boavista,219,Moreirense,377
KeyPasses,Boavista,6,Moreirense,5
DribblesAttempted,Boavista,13,Moreirense,18
DribblesPast,Boavista,8,Moreirense,3
DribbleSuccess,Boavista,23,Moreirense,44
OffensiveAerials,Boavista,30,Moreirense,11
DefensiveAerials,Boavista,11,Moreirense,30
AerialsWon,Boavista,39,Moreirense,61
TacklesAttempted,Boavista,30,Moreirense,24
TacklesUnsuccessful,Boavista,8,Moreirense,3
TackleSuccess,Boavista,73,Moreirense,88
Clearances,Boavista,23,Moreirense,16
Interceptions,Boavista,8,Moreirense,4
Errors,Boavista,0,Moreirense,0
Fouls,Boavista,11,Moreirense,14
Offsides,Boavista,1,Moreirense,0
